account_id,num_acct_users,card_type,loan_amt,loan_duration_mos,monthly_payments,district_id,A4,A5,A6,A7,A8,A9,A10,A11,A12,A13,A14,A15,A16,owner_age,mos_with_card,account_len_mos,is_male,target,Prague,central Bohemia,east Bohemia,north Bohemia,north Moravia,south Bohemia,south Moravia,west Bohemia,monthly_acct_bill,trans_acct_bill,weekly_acct_bill,percent_paid,num_insurance_transactions,num_household_transactions,total_insurance_amt_paid,total_house_amt_paid
2,2,0,80952,24,3373.0,1,1204953,0,0,0,1,1,100.0,12541,0.2,0.43,167,85677.0,99107,54,0.0,208,1,1,1,0,0,0,0,0,0,0,1,0,0,1.0,0.0,65.0,0.0,472290.0
19,1,0,30276,12,2523.0,21,103347,87,16,7,1,7,67.0,9104,1.5,2.07,123,2299.0,2354,60,0.0,144,0,0,0,0,0,0,0,1,0,0,1,0,0,0.67,0.0,32.0,0.0,481000.0
25,1,0,30276,12,2523.0,68,228848,15,40,18,2,6,57.2,9893,4.0,4.72,96,5623.0,5887,37,0.0,104,1,1,0,0,0,0,1,0,0,0,1,0,0,1.0,27.0,27.0,4428.0,184059.0
37,1,0,318480,60,5308.0,20,70646,94,14,3,1,4,58.4,8547,2.6,3.64,120,1563.0,1542,47,0.0,72,1,0,0,0,0,0,0,1,0,0,1,0,0,0.02,14.0,14.0,1358.0,32438.0
38,1,0,110736,48,2307.0,19,51428,50,11,3,1,4,52.7,8402,3.1,3.98,120,999.0,1099,59,0.0,72,0,1,0,0,0,0,0,1,0,0,0,0,1,0.17,12.0,12.0,2736.0,82812.0
67,1,0,165960,24,6915.0,16,93931,74,21,10,1,8,56.9,8427,1.1,1.54,107,1874.0,1913,55,0.0,158,0,1,0,0,0,0,0,1,0,0,1,0,0,1.0,0.0,46.0,0.0,294078.0
97,2,2,102876,12,8573.0,74,323870,0,0,0,1,1,100.0,10673,4.7,5.44,100,18782.0,18347,57,46.0,111,1,1,0,0,0,0,1,0,0,0,1,0,0,1.0,27.0,27.0,81.0,38772.0
103,1,0,265320,36,7370.0,44,105606,77,26,7,2,7,53.0,8254,2.7,3.76,97,2166.0,2325,32,0.0,115,1,0,0,0,1,0,0,0,0,0,1,0,0,0.31,0.0,0.0,0.0,0.0
105,1,2,352704,48,7348.0,21,103347,87,16,7,1,7,67.0,9104,1.5,2.07,123,2299.0,2354,49,47.0,75,0,1,0,0,0,0,0,1,0,0,1,0,0,0.02,0.0,0.0,0.0,0.0
110,1,2,162576,36,4516.0,36,159617,29,19,8,1,9,85.2,9198,3.3,4.28,131,5796.0,6132,46,56.0,105,1,1,0,0,0,1,0,0,0,0,1,0,0,0.44,0.0,24.0,0.0,73200.0
132,2,2,88440,12,7370.0,40,128118,9,16,6,3,8,85.3,9317,6.4,7.07,97,6949.0,6872,54,62.0,110,0,1,0,0,0,1,0,0,0,0,0,1,0,1.0,0.0,0.0,0.0,0.0
173,2,0,104808,12,8734.0,66,125832,151,41,2,3,5,48.3,8512,3.5,4.12,102,2247.0,2103,60,0.0,185,1,1,0,0,0,0,0,0,1,0,1,0,0,1.0,57.0,57.0,41895.0,356592.0
176,1,0,27456,12,2288.0,71,161227,5,35,11,4,10,69.7,8678,5.9,5.57,102,4980.0,4595,32,0.0,103,1,1,0,0,0,0,1,0,0,0,0,0,1,1.0,26.0,26.0,2522.0,118664.0
226,1,2,109344,12,9112.0,70,285387,0,2,8,5,7,89.9,10177,6.6,7.75,81,9878.0,10108,55,63.0,86,0,1,0,0,0,0,1,0,0,0,1,0,0,0.5,0.0,18.0,0.0,160704.0
276,1,2,160920,36,4470.0,38,85852,41,23,4,2,4,59.8,8965,7.0,8.23,104,2653.0,2822,28,37.0,62,1,1,0,0,0,1,0,0,0,0,1,0,0,0.03,0.0,8.0,0.0,41696.0
290,1,0,123696,48,2577.0,56,124605,11,42,14,1,8,46.0,8772,4.6,4.98,126,2854.0,3158,59,0.0,185,1,1,0,0,0,0,0,0,1,0,1,0,0,1.0,0.0,56.0,0.0,148568.0
303,1,2,112752,36,3132.0,71,161227,5,35,11,4,10,69.7,8678,5.9,5.57,102,4980.0,4595,43,36.0,104,0,1,0,0,0,0,1,0,0,0,1,0,0,0.19,0.0,25.0,0.0,95075.0
309,1,0,91248,48,1901.0,14,177686,69,27,10,1,9,74.8,10045,1.4,1.71,135,6604.0,6295,26,0.0,81,0,1,0,0,0,0,0,1,0,0,1,0,0,0.02,0.0,0.0,0.0,0.0
314,2,0,66840,24,2785.0,15,58796,22,16,7,1,5,51.9,9045,3.1,3.6,124,1845.0,1879,60,0.0,119,0,1,0,0,0,0,0,1,0,0,0,1,0,0.83,0.0,31.0,0.0,424421.0
319,1,0,369000,60,6150.0,47,162580,83,26,5,1,6,72.8,9538,1.5,1.81,111,6079.0,5410,25,0.0,128,0,1,0,0,1,0,0,0,0,0,0,0,1,0.3,36.0,36.0,14976.0,38052.0
330,2,0,331584,48,6908.0,42,95907,87,25,5,2,7,59.1,8388,2.4,2.94,87,1658.0,1668,26,0.0,94,0,1,0,0,1,0,0,0,0,0,1,0,0,0.12,0.0,0.0,0.0,0.0
339,2,2,468060,60,7801.0,46,112709,48,20,7,3,10,73.5,8369,1.7,2.31,117,2854.0,2618,52,58.0,100,0,1,0,0,1,0,0,0,0,0,0,0,1,0.2,0.0,23.0,0.0,94001.0
344,1,0,100980,60,1683.0,54,387570,0,0,0,1,1,100.0,9897,1.6,1.96,140,18721.0,18696,34,0.0,185,1,1,0,0,0,0,0,0,1,0,1,0,0,0.8,0.0,57.0,0.0,270123.0
347,1,0,187224,24,7801.0,65,114200,101,41,4,1,4,43.7,8403,5.7,5.72,105,2157.0,2718,52,0.0,184,1,0,0,0,0,0,0,0,1,0,1,0,0,0.92,0.0,0.0,0.0,0.0
349,2,0,42816,12,3568.0,72,226122,32,50,7,4,4,62.6,8994,3.8,4.79,110,9672.0,9208,62,0.0,78,1,1,0,0,0,0,1,0,0,0,1,0,0,0.33,0.0,14.0,0.0,65240.0
378,1,0,230400,60,3840.0,68,228848,15,40,18,2,6,57.2,9893,4.0,4.72,96,5623.0,5887,38,0.0,104,1,1,0,0,0,0,1,0,0,0,1,0,0,0.25,28.0,28.0,56.0,239036.0
426,1,0,252060,60,4201.0,1,1204953,0,0,0,1,1,100.0,12541,0.2,0.43,167,85677.0,99107,34,0.0,185,0,0,1,0,0,0,0,0,0,0,1,0,0,0.85,0.0,56.0,0.0,419832.0
440,1,0,84288,48,1756.0,29,45714,52,10,5,1,6,55.6,8843,2.8,3.6,113,818.0,888,42,0.0,92,0,1,0,0,0,0,0,0,0,1,1,0,0,0.19,0.0,19.0,0.0,110675.0
442,1,0,357840,48,7455.0,54,387570,0,0,0,1,1,100.0,9897,1.6,1.96,140,18721.0,18696,58,0.0,83,0,0,0,0,0,0,0,0,1,0,1,0,0,0.15,0.0,7.0,0.0,39242.0
472,1,0,196800,24,8200.0,8,112065,95,19,7,1,8,69.4,11277,1.2,1.44,127,5179.0,4987,39,0.0,98,0,0,0,1,0,0,0,0,0,0,1,0,0,0.79,0.0,0.0,0.0,0.0
501,1,0,262980,60,4383.0,13,53921,61,22,1,1,2,41.3,8598,2.7,3.26,123,1597.0,1875,33,0.0,127,0,1,0,1,0,0,0,0,0,0,1,0,0,0.43,0.0,0.0,0.0,0.0
525,1,0,210384,48,4383.0,70,285387,0,2,8,5,7,89.9,10177,6.6,7.75,81,9878.0,10108,43,0.0,115,0,1,0,0,0,0,1,0,0,0,1,0,0,0.35,0.0,23.0,0.0,148442.0
544,1,2,91152,24,3798.0,32,105058,32,19,7,2,10,81.0,9272,2.8,3.22,118,4340.0,4505,57,103.0,140,1,1,0,0,0,1,0,0,0,0,1,0,0,1.0,0.0,0.0,0.0,0.0
666,2,2,12540,12,1045.0,27,67298,71,19,10,0,7,43.8,8561,0.6,1.29,110,1029.0,1127,59,71.0,115,0,1,0,0,0,0,0,0,0,1,1,0,0,1.0,28.0,28.0,26740.0,110208.0
675,2,2,102240,60,1704.0,58,109164,98,16,6,1,4,63.6,8757,3.3,3.95,96,2212.0,2471,54,45.0,134,0,1,0,0,0,0,0,0,1,0,1,0,0,0.35,0.0,36.0,0.0,228888.0
718,1,2,76944,12,6412.0,1,1204953,0,0,0,1,1,100.0,12541,0.2,0.43,167,85677.0,99107,43,39.0,116,0,1,1,0,0,0,0,0,0,0,1,0,0,1.0,27.0,27.0,163107.0,19602.0
785,1,0,156096,36,4336.0,21,103347,87,16,7,1,7,67.0,9104,1.5,2.07,123,2299.0,2354,47,0.0,72,1,1,0,0,0,0,0,1,0,0,0,0,1,0.31,0.0,12.0,0.0,88740.0
789,2,0,73056,48,1522.0,39,119895,17,4,3,2,4,89.9,10446,7.3,9.4,90,4947.0,4743,29,0.0,149,1,1,0,0,0,1,0,0,0,0,1,0,0,0.77,0.0,42.0,0.0,90426.0
790,1,2,208128,48,4336.0,54,387570,0,0,0,1,1,100.0,9897,1.6,1.96,140,18721.0,18696,48,142.0,202,1,0,0,0,0,0,0,0,1,0,1,0,0,0.85,0.0,0.0,0.0,0.0
808,1,0,215616,48,4492.0,69,42821,4,13,5,1,3,48.4,8173,0.0,7.01,124,0.0,1358,42,0.0,138,1,0,0,0,0,0,1,0,0,0,1,0,0,0.65,0.0,37.0,0.0,352400.0
813,1,0,24312,12,2026.0,16,93931,74,21,10,1,8,56.9,8427,1.1,1.54,107,1874.0,1913,44,0.0,209,0,1,0,0,0,0,0,1,0,0,1,0,0,1.0,0.0,0.0,0.0,0.0
816,1,0,48624,24,2026.0,52,139012,59,41,8,3,10,61.9,8363,2.5,3.49,108,2564.0,2799,38,0.0,194,1,1,0,0,1,0,0,0,0,0,1,0,0,1.0,0.0,59.0,0.0,266326.0
817,1,0,538500,60,8975.0,5,95616,65,30,4,1,6,51.4,9307,3.8,4.43,118,2616.0,3040,39,0.0,176,1,1,0,1,0,0,0,0,0,0,1,0,0,0.77,0.0,53.0,0.0,244065.0
825,1,2,53076,12,4423.0,19,51428,50,11,3,1,4,52.7,8402,3.1,3.98,120,999.0,1099,51,33.0,116,1,1,0,0,0,0,0,1,0,0,1,0,0,1.0,0.0,29.0,0.0,267815.0
846,1,2,187104,24,7796.0,72,226122,32,50,7,4,4,62.6,8994,3.8,4.79,110,9672.0,9208,22,52.0,116,0,1,0,0,0,0,1,0,0,0,1,0,0,1.0,0.0,0.0,0.0,0.0
854,1,0,87216,48,1817.0,62,145688,22,41,13,2,5,40.7,8544,1.2,1.86,109,2719.0,2906,45,0.0,191,0,1,0,0,0,0,0,0,1,0,1,0,0,0.9,59.0,59.0,167737.0,22538.0
873,1,0,178500,60,2975.0,73,182027,17,49,12,2,7,56.4,8746,3.3,3.74,90,4355.0,4433,28,0.0,81,0,1,0,0,0,0,1,0,0,0,1,0,0,0.17,15.0,16.0,33165.0,14048.0
915,1,0,309552,48,6449.0,72,226122,32,50,7,4,4,62.6,8994,3.8,4.79,110,9672.0,9208,64,0.0,150,1,1,0,0,0,0,1,0,0,0,1,0,0,0.81,0.0,43.0,0.0,614513.0
938,1,0,22260,60,371.0,70,285387,0,2,8,5,7,89.9,10177,6.6,7.75,81,9878.0,10108,59,0.0,62,0,1,0,0,0,0,1,0,0,0,1,0,0,0.12,0.0,7.0,0.0,22974.0
940,2,3,284280,60,4738.0,37,114006,71,26,6,2,9,62.3,9065,4.4,5.39,123,4147.0,4166,41,49.0,156,0,1,0,0,0,1,0,0,0,0,1,0,0,0.52,0.0,0.0,0.0,0.0
960,1,2,189060,60,3151.0,4,149893,63,29,6,2,6,67.4,9753,4.6,5.05,109,5244.0,5892,41,87.0,157,0,1,0,1,0,0,0,0,0,0,0,1,0,0.72,0.0,46.0,0.0,273240.0
993,1,2,108720,60,1812.0,6,77963,60,23,4,2,4,51.5,8546,2.9,4.02,126,2640.0,3120,33,31.0,95,0,1,0,1,0,0,0,0,0,0,1,0,0,0.1,0.0,0.0,0.0,0.0
1004,1,0,188532,36,5237.0,70,285387,0,2,8,5,7,89.9,10177,6.6,7.75,81,9878.0,10108,24,0.0,106,0,1,0,0,0,0,1,0,0,0,1,0,0,0.25,0.0,0.0,0.0,0.0
1011,1,0,204000,60,3400.0,45,77917,85,19,6,1,5,53.5,8390,2.2,2.89,132,2080.0,2122,55,0.0,153,1,1,0,0,1,0,0,0,0,0,1,0,0,0.6,0.0,44.0,0.0,311740.0
1012,1,0,98184,24,4091.0,65,114200,101,41,4,1,4,43.7,8403,5.7,5.72,105,2157.0,2718,54,0.0,166,0,1,0,0,0,0,0,0,1,0,1,0,0,0.88,0.0,0.0,0.0,0.0
1068,1,0,253200,60,4220.0,52,139012,59,41,8,3,10,61.9,8363,2.5,3.49,108,2564.0,2799,63,0.0,87,1,1,0,0,1,0,0,0,0,0,1,0,0,0.05,18.0,18.0,11376.0,85266.0
1071,1,0,253200,60,4220.0,68,228848,15,40,18,2,6,57.2,9893,4.0,4.72,96,5623.0,5887,49,0.0,202,0,1,0,0,0,0,1,0,0,0,0,0,1,0.98,0.0,0.0,0.0,0.0
1083,1,0,50976,36,1416.0,45,77917,85,19,6,1,5,53.5,8390,2.2,2.89,132,2080.0,2122,20,0.0,93,1,1,0,0,1,0,0,0,0,0,1,0,0,0.22,21.0,20.0,91371.0,38600.0
1093,1,0,385104,48,8023.0,54,387570,0,0,0,1,1,100.0,9897,1.6,1.96,140,18721.0,18696,43,0.0,120,0,1,0,0,0,0,0,0,1,0,1,0,0,0.38,0.0,31.0,0.0,318091.0
1106,1,0,192552,24,8023.0,20,70646,94,14,3,1,4,58.4,8547,2.6,3.64,120,1563.0,1542,36,0.0,192,0,0,0,0,0,0,0,1,0,0,0,0,1,0.83,0.0,0.0,0.0,0.0
1166,1,0,149040,48,3105.0,11,75637,35,36,9,0,7,36.5,9622,0.4,0.59,154,3475.0,3529,31,0.0,203,0,1,0,1,0,0,0,0,0,0,1,0,0,1.0,0.0,64.0,0.0,281408.0
1242,1,0,128544,24,5356.0,74,323870,0,0,0,1,1,100.0,10673,4.7,5.44,100,18782.0,18347,48,0.0,94,0,1,0,0,0,0,1,0,0,0,0,1,0,0.67,21.0,21.0,8862.0,103110.0
1244,1,0,35904,48,748.0,68,228848,15,40,18,2,6,57.2,9893,4.0,4.72,96,5623.0,5887,53,0.0,111,1,1,0,0,0,0,1,0,0,0,1,0,0,0.46,26.0,27.0,10556.0,24381.0
1247,1,0,99696,48,2077.0,25,88757,60,33,3,2,10,61.7,8554,2.4,2.68,113,1822.0,2218,28,0.0,199,0,0,0,0,0,0,0,0,0,1,1,0,0,0.88,0.0,0.0,0.0,0.0
1250,1,0,182640,48,3805.0,62,145688,22,41,13,2,5,40.7,8544,1.2,1.86,109,2719.0,2906,57,0.0,114,0,1,0,0,0,0,0,0,1,0,1,0,0,0.52,0.0,28.0,0.0,1708.0
1252,1,0,148140,36,4115.0,13,53921,61,22,1,1,2,41.3,8598,2.7,3.26,123,1597.0,1875,37,0.0,134,0,1,0,1,0,0,0,0,0,0,0,0,1,0.58,0.0,0.0,0.0,0.0
1256,1,0,71064,36,1974.0,38,85852,41,23,4,2,4,59.8,8965,7.0,8.23,104,2653.0,2822,53,0.0,173,0,1,0,0,0,1,0,0,0,0,1,0,0,1.0,0.0,52.0,0.0,61256.0
1270,1,0,74772,36,2077.0,55,157042,49,70,18,0,9,33.9,8743,1.8,2.43,111,3659.0,3894,39,0.0,108,1,1,0,0,0,0,0,0,1,0,0,1,0,0.5,0.0,26.0,0.0,108212.0
1284,1,0,52512,12,4376.0,55,157042,49,70,18,0,9,33.9,8743,1.8,2.43,111,3659.0,3894,55,0.0,76,1,1,0,0,0,0,0,0,1,0,1,0,0,0.08,0.0,0.0,0.0,0.0
1318,1,0,185544,36,5154.0,56,124605,11,42,14,1,8,46.0,8772,4.6,4.98,126,2854.0,3158,60,0.0,61,1,1,0,0,0,0,0,0,1,0,1,0,0,0.06,4.0,4.0,8060.0,34708.0
1329,2,0,23520,12,1960.0,53,107911,88,33,6,2,7,50.9,8240,2.5,3.56,99,1850.0,1903,58,0.0,100,1,1,0,0,0,0,0,0,1,0,1,0,0,1.0,0.0,23.0,0.0,77464.0
1374,1,0,389136,48,8107.0,53,107911,88,33,6,2,7,50.9,8240,2.5,3.56,99,1850.0,1903,32,0.0,99,1,1,0,0,0,0,0,0,1,0,1,0,0,0.31,0.0,0.0,0.0,0.0
1375,1,0,45336,24,1889.0,19,51428,50,11,3,1,4,52.7,8402,3.1,3.98,120,999.0,1099,42,0.0,172,1,1,0,0,0,0,0,1,0,0,1,0,0,1.0,0.0,52.0,0.0,308360.0
1389,1,0,125472,24,5228.0,34,125236,28,11,1,4,5,87.7,9675,6.4,7.68,100,5323.0,5190,59,0.0,73,1,1,0,0,0,1,0,0,0,0,1,0,0,0.17,0.0,15.0,0.0,95640.0
1407,2,0,125472,24,5228.0,19,51428,50,11,3,1,4,52.7,8402,3.1,3.98,120,999.0,1099,53,0.0,82,0,1,0,0,0,0,0,1,0,0,0,1,0,0.46,0.0,19.0,0.0,282758.0
1447,1,0,100080,48,2085.0,65,114200,101,41,4,1,4,43.7,8403,5.7,5.72,105,2157.0,2718,34,0.0,87,0,1,0,0,0,0,0,0,1,0,1,0,0,0.38,0.0,18.0,0.0,147780.0
1480,1,2,123300,36,3425.0,41,118650,8,8,5,1,3,85.6,9832,3.3,4.48,114,6445.0,5471,54,76.0,106,0,1,0,0,0,1,0,0,0,0,0,0,1,0.31,0.0,0.0,0.0,0.0
1498,1,0,165780,60,2763.0,62,145688,22,41,13,2,5,40.7,8544,1.2,1.86,109,2719.0,2906,48,0.0,88,1,1,0,0,0,0,0,0,1,0,0,0,1,0.03,0.0,0.0,0.0,0.0
1527,1,0,164052,36,4557.0,31,51313,34,12,3,1,4,59.2,8930,3.5,4.2,108,1328.0,1452,24,0.0,186,0,0,0,0,0,0,0,0,0,1,0,1,0,0.89,0.0,0.0,0.0,0.0
1528,1,0,191088,48,3981.0,50,102609,75,33,2,3,6,52.0,8187,4.8,5.45,94,2123.0,2134,37,0.0,108,1,1,0,0,1,0,0,0,0,0,1,0,0,0.35,0.0,26.0,0.0,233800.0
1580,1,2,194256,24,8094.0,69,42821,4,13,5,1,3,48.4,8173,0.0,7.01,124,0.0,1358,31,60.0,121,1,1,0,0,0,0,1,0,0,0,1,0,0,0.54,0.0,0.0,0.0,0.0
1583,1,0,388512,48,8094.0,69,42821,4,13,5,1,3,48.4,8173,0.0,7.01,124,0.0,1358,30,0.0,155,0,0,0,0,0,0,1,0,0,0,0,1,0,0.5,0.0,0.0,0.0,0.0
1603,1,0,78936,12,6578.0,1,1204953,0,0,0,1,1,100.0,12541,0.2,0.43,167,85677.0,99107,42,0.0,202,0,1,1,0,0,0,0,0,0,0,1,0,0,1.0,0.0,63.0,0.0,148617.0
1638,2,0,64224,24,2676.0,6,77963,60,23,4,2,4,51.5,8546,2.9,4.02,126,2640.0,3120,62,0.0,95,1,1,0,1,0,0,0,0,0,0,0,0,1,0.46,0.0,15.0,0.0,146235.0
1656,1,0,189792,48,3954.0,47,162580,83,26,5,1,6,72.8,9538,1.5,1.81,111,6079.0,5410,59,0.0,88,1,1,0,0,1,0,0,0,0,0,1,0,0,0.04,0.0,18.0,0.0,218034.0
1698,1,2,141948,36,3943.0,68,228848,15,40,18,2,6,57.2,9893,4.0,4.72,96,5623.0,5887,49,30.0,115,0,1,0,0,0,0,1,0,0,0,1,0,0,0.81,0.0,29.0,0.0,279618.0
1718,1,0,172272,24,7178.0,71,161227,5,35,11,4,10,69.7,8678,5.9,5.57,102,4980.0,4595,56,0.0,69,1,1,0,0,0,0,1,0,0,0,1,0,0,0.17,0.0,10.0,0.0,144560.0
1762,1,0,248148,36,6893.0,28,72541,66,26,10,0,8,36.9,8594,1.6,2.01,112,1580.0,1525,59,0.0,184,0,1,0,0,0,0,0,0,0,1,1,0,0,1.0,55.0,55.0,108460.0,46915.0
1766,1,2,30060,60,501.0,28,72541,66,26,10,0,8,36.9,8594,1.6,2.01,112,1580.0,1525,48,121.0,162,1,1,0,0,0,0,0,0,0,1,1,0,0,0.5,47.0,47.0,2303.0,204591.0
1772,1,0,202788,36,5633.0,31,51313,34,12,3,1,4,59.2,8930,3.5,4.2,108,1328.0,1452,46,0.0,147,0,1,0,0,0,0,0,0,0,1,0,0,1,0.92,0.0,42.0,0.0,503748.0
1776,1,0,43200,24,1800.0,36,159617,29,19,8,1,9,85.2,9198,3.3,4.28,131,5796.0,6132,50,0.0,73,0,1,0,0,0,1,0,0,0,0,1,0,0,0.29,0.0,12.0,0.0,68520.0
1787,1,0,96396,12,8033.0,30,94812,15,13,8,2,10,81.8,9650,3.3,3.67,100,2985.0,2804,52,0.0,206,0,0,0,0,0,0,0,0,0,1,0,0,1,0.33,0.0,50.0,0.0,195100.0
1801,1,0,165960,36,4610.0,46,112709,48,20,7,3,10,73.5,8369,1.7,2.31,117,2854.0,2618,31,0.0,209,1,1,0,0,1,0,0,0,0,0,1,0,0,1.0,68.0,68.0,65008.0,283356.0
1808,2,0,385584,48,8033.0,28,72541,66,26,10,0,8,36.9,8594,1.6,2.01,112,1580.0,1525,25,0.0,79,1,1,0,0,0,0,0,0,0,1,1,0,0,0.06,0.0,0.0,0.0,0.0
1811,1,0,239460,60,3991.0,40,128118,9,16,6,3,8,85.3,9317,6.4,7.07,97,6949.0,6872,57,0.0,190,0,1,0,0,0,1,0,0,0,0,1,0,0,0.9,0.0,58.0,0.0,243948.0
1819,1,0,143676,36,3991.0,55,157042,49,70,18,0,9,33.9,8743,1.8,2.43,111,3659.0,3894,47,0.0,97,1,1,0,0,0,0,0,0,1,0,0,0,1,0.33,18.0,18.0,148554.0,17388.0
1843,1,2,105804,36,2939.0,12,107870,84,29,6,1,6,58.0,8754,3.8,4.31,137,3804.0,3868,59,39.0,210,0,1,0,1,0,0,0,0,0,0,1,0,0,1.0,0.0,67.0,0.0,468598.0
1862,1,2,396120,60,6602.0,19,51428,50,11,3,1,4,52.7,8402,3.1,3.98,120,999.0,1099,49,77.0,143,0,1,0,0,0,0,0,1,0,0,0,0,1,0.43,0.0,0.0,0.0,0.0
1869,1,2,37944,36,1054.0,1,1204953,0,0,0,1,1,100.0,12541,0.2,0.43,167,85677.0,99107,33,71.0,107,0,1,1,0,0,0,0,0,0,0,1,0,0,0.31,0.0,0.0,0.0,0.0
1876,1,1,209040,24,8710.0,1,1204953,0,0,0,1,1,100.0,12541,0.2,0.43,167,85677.0,99107,20,38.0,69,1,1,1,0,0,0,0,0,0,0,1,0,0,0.17,0.0,11.0,0.0,25619.0
1886,2,0,162468,36,4513.0,32,105058,32,19,7,2,10,81.0,9272,2.8,3.22,118,4340.0,4505,42,0.0,116,0,1,0,0,0,1,0,0,0,0,1,0,0,0.81,0.0,29.0,0.0,121742.0
1888,1,0,57360,12,4780.0,6,77963,60,23,4,2,4,51.5,8546,2.9,4.02,126,2640.0,3120,42,0.0,97,1,0,0,1,0,0,0,0,0,0,1,0,0,0.92,22.0,22.0,71918.0,11220.0
1906,1,0,44952,24,1873.0,1,1204953,0,0,0,1,1,100.0,12541,0.2,0.43,167,85677.0,99107,29,0.0,103,1,1,1,0,0,0,0,0,0,0,1,0,0,0.62,0.0,24.0,0.0,176520.0
1928,1,0,55632,24,2318.0,70,285387,0,2,8,5,7,89.9,10177,6.6,7.75,81,9878.0,10108,51,0.0,86,1,1,0,0,0,0,1,0,0,0,1,0,0,0.04,0.0,0.0,0.0,0.0
1967,1,0,249312,48,5194.0,26,170449,0,0,0,1,1,100.0,10787,2.6,3.09,131,6041.0,6261,44,0.0,148,1,1,0,0,0,0,0,0,0,1,0,0,1,0.67,0.0,35.0,0.0,495740.0
1978,1,0,205200,36,5700.0,57,161954,21,37,20,3,8,48.0,8720,3.7,4.5,116,3729.0,3651,36,0.0,199,0,1,0,0,0,0,0,0,1,0,0,0,1,1.0,62.0,62.0,22072.0,434062.0
1993,1,0,68400,12,5700.0,68,228848,15,40,18,2,6,57.2,9893,4.0,4.72,96,5623.0,5887,23,0.0,157,0,0,0,0,0,0,1,0,0,0,1,0,0,0.92,0.0,0.0,0.0,0.0
2000,1,2,290820,60,4847.0,5,95616,65,30,4,1,6,51.4,9307,3.8,4.43,118,2616.0,3040,62,32.0,73,1,1,0,1,0,0,0,0,0,0,1,0,0,0.08,12.0,13.0,168.0,43134.0
2018,1,0,38520,12,3210.0,42,95907,87,25,5,2,7,59.1,8388,2.4,2.94,87,1658.0,1668,60,0.0,139,1,1,0,0,1,0,0,0,0,0,1,0,0,1.0,0.0,39.0,0.0,121485.0
2035,2,0,176328,36,4898.0,53,107911,88,33,6,2,7,50.9,8240,2.5,3.56,99,1850.0,1903,56,0.0,110,1,1,0,0,0,0,0,0,1,0,1,0,0,0.31,27.0,27.0,3267.0,226908.0
2051,1,3,293880,60,4898.0,64,197099,29,41,10,2,10,74.7,9624,1.6,2.31,145,4484.0,4265,24,39.0,126,0,0,0,0,0,0,0,0,1,0,0,0,1,0.27,0.0,0.0,0.0,0.0
2055,1,0,271260,60,4521.0,37,114006,71,26,6,2,9,62.3,9065,4.4,5.39,123,4147.0,4166,28,0.0,82,1,1,0,0,0,1,0,0,0,0,1,0,0,0.08,0.0,15.0,0.0,102660.0
2062,1,2,86184,12,7182.0,70,285387,0,2,8,5,7,89.9,10177,6.6,7.75,81,9878.0,10108,59,37.0,116,0,1,0,0,0,0,1,0,0,0,1,0,0,1.0,0.0,29.0,0.0,3103.0
2064,1,0,83628,36,2323.0,54,387570,0,0,0,1,1,100.0,9897,1.6,1.96,140,18721.0,18696,22,0.0,91,0,1,0,0,0,0,0,0,1,0,1,0,0,0.44,0.0,0.0,0.0,0.0
2073,1,0,44640,24,1860.0,59,108871,41,29,7,2,6,62.1,8444,3.2,3.47,106,2595.0,2305,42,0.0,72,1,1,0,0,0,0,0,0,1,0,1,0,0,0.12,0.0,0.0,0.0,0.0
2080,2,2,214596,36,5961.0,74,323870,0,0,0,1,1,100.0,10673,4.7,5.44,100,18782.0,18347,62,57.0,81,1,1,0,0,0,0,1,0,0,0,1,0,0,0.44,0.0,16.0,0.0,218048.0
2106,1,0,101520,12,8460.0,1,1204953,0,0,0,1,1,100.0,12541,0.2,0.43,167,85677.0,99107,23,0.0,119,0,1,1,0,0,0,0,0,0,0,1,0,0,1.0,0.0,31.0,0.0,107508.0
2116,1,2,92400,12,7700.0,70,285387,0,2,8,5,7,89.9,10177,6.6,7.75,81,9878.0,10108,25,93.0,111,0,1,0,0,0,0,1,0,0,0,1,0,0,1.0,0.0,28.0,0.0,36596.0
2134,1,0,22932,36,637.0,52,139012,59,41,8,3,10,61.9,8363,2.5,3.49,108,2564.0,2799,46,0.0,103,0,1,0,0,1,0,0,0,0,0,1,0,0,0.58,0.0,25.0,0.0,77950.0
2142,2,0,23328,12,1944.0,42,95907,87,25,5,2,7,59.1,8388,2.4,2.94,87,1658.0,1668,35,0.0,70,0,1,0,0,1,0,0,0,0,0,1,0,0,0.83,0.0,11.0,0.0,107448.0
2143,2,1,71460,36,1985.0,1,1204953,0,0,0,1,1,100.0,12541,0.2,0.43,167,85677.0,99107,19,74.0,120,0,1,1,0,0,0,0,0,0,0,1,0,0,0.78,0.0,31.0,0.0,225184.0
2153,1,2,61560,12,5130.0,31,51313,34,12,3,1,4,59.2,8930,3.5,4.2,108,1328.0,1452,56,38.0,121,1,1,0,0,0,0,0,0,0,1,0,0,1,1.0,31.0,32.0,68913.0,55584.0
2165,1,0,78600,24,3275.0,51,121947,37,28,7,3,11,70.5,8541,2.5,2.97,131,3496.0,3839,43,0.0,83,1,1,0,0,1,0,0,0,0,0,1,0,0,0.67,0.0,16.0,0.0,199888.0
2167,1,2,170256,24,7094.0,16,93931,74,21,10,1,8,56.9,8427,1.1,1.54,107,1874.0,1913,34,143.0,194,0,1,0,0,0,0,0,1,0,0,1,0,0,1.0,0.0,60.0,0.0,355320.0
2176,1,0,299088,36,8308.0,67,106054,38,25,6,2,6,63.1,8110,5.7,6.55,109,3244.0,3079,33,0.0,199,0,0,0,0,0,0,1,0,0,0,1,0,0,0.78,0.0,64.0,0.0,69440.0
2187,2,0,53472,12,4456.0,9,81344,61,23,4,2,6,55.3,8899,3.3,3.97,149,2987.0,2487,59,0.0,117,1,1,0,1,0,0,0,0,0,0,0,0,1,1.0,0.0,0.0,0.0,0.0
2218,2,2,182040,60,3034.0,19,51428,50,11,3,1,4,52.7,8402,3.1,3.98,120,999.0,1099,48,80.0,155,0,1,0,0,0,0,0,1,0,0,1,0,0,0.62,0.0,0.0,0.0,0.0
2227,2,2,92976,24,3874.0,31,51313,34,12,3,1,4,59.2,8930,3.5,4.2,108,1328.0,1452,29,67.0,170,0,1,0,0,0,0,0,0,0,1,0,0,1,1.0,0.0,47.0,0.0,629142.0
2228,1,0,185952,48,3874.0,34,125236,28,11,1,4,5,87.7,9675,6.4,7.68,100,5323.0,5190,54,0.0,176,1,1,0,0,0,1,0,0,0,0,1,0,0,0.94,0.0,46.0,0.0,212750.0
2236,1,0,139464,36,3874.0,73,182027,17,49,12,2,7,56.4,8746,3.3,3.74,90,4355.0,4433,41,0.0,132,1,0,0,0,0,0,1,0,0,0,1,0,0,0.5,0.0,20.0,0.0,290700.0
2245,1,0,347952,48,7249.0,29,45714,52,10,5,1,6,55.6,8843,2.8,3.6,113,818.0,888,35,0.0,205,0,1,0,0,0,0,0,0,0,1,1,0,0,0.98,0.0,0.0,0.0,0.0
2246,1,0,415800,60,6930.0,1,1204953,0,0,0,1,1,100.0,12541,0.2,0.43,167,85677.0,99107,50,0.0,112,0,1,1,0,0,0,0,0,0,0,1,0,0,0.38,0.0,0.0,0.0,0.0
2247,1,0,72504,24,3021.0,24,122603,25,21,6,2,8,80.0,8991,1.3,2.01,128,5198.0,5273,49,0.0,113,0,1,0,0,0,0,0,0,0,1,1,0,0,0.92,31.0,31.0,20429.0,18352.0
2262,1,2,230220,36,6395.0,13,53921,61,22,1,1,2,41.3,8598,2.7,3.26,123,1597.0,1875,49,60.0,88,1,1,0,1,0,0,0,0,0,0,1,0,0,0.03,0.0,0.0,0.0,0.0
2268,1,0,20196,36,561.0,1,1204953,0,0,0,1,1,100.0,12541,0.2,0.43,167,85677.0,99107,28,0.0,148,1,1,1,0,0,0,0,0,0,0,1,0,0,0.81,0.0,42.0,0.0,241164.0
2279,1,2,314688,48,6556.0,2,88884,80,26,6,2,5,46.7,8507,1.6,1.85,132,2159.0,2674,25,67.0,96,1,1,0,1,0,0,0,0,0,0,0,0,1,0.15,0.0,0.0,0.0,0.0
2322,1,0,46320,24,1930.0,33,133777,24,17,7,3,11,84.7,8705,5.7,7.61,116,4650.0,4859,20,0.0,152,1,1,0,0,0,1,0,0,0,0,1,0,0,1.0,45.0,44.0,45855.0,147796.0
2334,1,0,48312,24,2013.0,50,102609,75,33,2,3,6,52.0,8187,4.8,5.45,94,2123.0,2134,41,0.0,115,1,1,0,0,1,0,0,0,0,0,1,0,0,0.71,0.0,29.0,0.0,310503.0
2335,1,0,541200,60,9020.0,70,285387,0,2,8,5,7,89.9,10177,6.6,7.75,81,9878.0,10108,53,0.0,113,0,0,0,0,0,0,1,0,0,0,1,0,0,0.17,28.0,29.0,13580.0,59044.0
2343,1,0,99336,24,4139.0,68,228848,15,40,18,2,6,57.2,9893,4.0,4.72,96,5623.0,5887,19,0.0,154,0,1,0,0,0,0,1,0,0,0,1,0,0,1.0,0.0,44.0,0.0,207812.0
2345,1,0,199680,60,3328.0,5,95616,65,30,4,1,6,51.4,9307,3.8,4.43,118,2616.0,3040,50,0.0,188,1,1,0,1,0,0,0,0,0,0,1,0,0,0.82,0.0,58.0,0.0,209496.0
2350,1,2,159744,48,3328.0,18,70699,60,13,2,1,4,65.3,8968,2.8,3.35,131,1740.0,1910,26,47.0,103,0,1,0,0,0,0,0,1,0,0,1,0,0,0.42,0.0,21.0,0.0,12075.0
2352,1,0,49440,60,824.0,70,285387,0,2,8,5,7,89.9,10177,6.6,7.75,81,9878.0,10108,33,0.0,150,0,1,0,0,0,0,1,0,0,0,1,0,0,0.53,42.0,43.0,168.0,239983.0
2361,1,0,156672,36,4352.0,28,72541,66,26,10,0,8,36.9,8594,1.6,2.01,112,1580.0,1525,43,0.0,177,0,1,0,0,0,0,0,0,0,1,1,0,0,1.0,0.0,53.0,0.0,244489.0
2413,1,0,17952,12,1496.0,33,133777,24,17,7,3,11,84.7,8705,5.7,7.61,116,4650.0,4859,45,0.0,66,0,1,0,0,0,1,0,0,0,0,1,0,0,0.25,0.0,10.0,0.0,64480.0
2419,1,0,95808,12,7984.0,24,122603,25,21,6,2,8,80.0,8991,1.3,2.01,128,5198.0,5273,59,0.0,185,1,1,0,0,0,0,0,0,0,1,1,0,0,1.0,0.0,0.0,0.0,0.0
2445,1,0,293160,60,4886.0,52,139012,59,41,8,3,10,61.9,8363,2.5,3.49,108,2564.0,2799,21,0.0,106,0,1,0,0,1,0,0,0,0,0,1,0,0,0.2,0.0,0.0,0.0,0.0
2456,1,0,200976,48,4187.0,65,114200,101,41,4,1,4,43.7,8403,5.7,5.72,105,2157.0,2718,44,0.0,131,1,1,0,0,0,0,0,0,1,0,1,0,0,0.67,0.0,35.0,0.0,334390.0
2486,1,0,24516,12,2043.0,1,1204953,0,0,0,1,1,100.0,12541,0.2,0.43,167,85677.0,99107,41,0.0,208,1,1,1,0,0,0,0,0,0,0,1,0,0,1.0,0.0,0.0,0.0,0.0
2496,2,0,165120,60,2752.0,51,121947,37,28,7,3,11,70.5,8541,2.5,2.97,131,3496.0,3839,49,0.0,170,0,1,0,0,1,0,0,0,0,0,1,0,0,0.6,0.0,51.0,0.0,254082.0
2516,1,0,466608,48,9721.0,6,77963,60,23,4,2,4,51.5,8546,2.9,4.02,126,2640.0,3120,53,0.0,125,0,1,0,1,0,0,0,0,0,0,1,0,0,0.38,0.0,0.0,0.0,0.0
2545,2,0,428784,48,8933.0,1,1204953,0,0,0,1,1,100.0,12541,0.2,0.43,167,85677.0,99107,63,0.0,93,1,1,1,0,0,0,0,0,0,0,1,0,0,0.21,21.0,21.0,14973.0,55377.0
2572,1,0,360000,48,7500.0,64,197099,29,41,10,2,10,74.7,9624,1.6,2.31,145,4484.0,4265,26,0.0,156,0,1,0,0,0,0,0,0,1,0,0,1,0,0.62,0.0,0.0,0.0,0.0
2580,2,0,89340,60,1489.0,60,110643,49,41,4,1,4,51.9,8441,3.4,4.48,115,1879.0,2252,28,0.0,126,0,1,0,0,0,0,0,0,1,0,1,0,0,0.48,0.0,34.0,0.0,170544.0
2622,2,0,136344,24,5681.0,1,1204953,0,0,0,1,1,100.0,12541,0.2,0.43,167,85677.0,99107,35,0.0,102,0,1,1,0,0,0,0,0,0,0,1,0,0,0.29,0.0,24.0,0.0,169608.0
2694,2,0,91632,12,7636.0,7,94725,38,28,1,3,6,63.4,9920,2.2,2.87,130,4289.0,4846,37,0.0,207,0,1,0,1,0,0,0,0,0,0,1,0,0,1.0,0.0,66.0,0.0,233112.0
2699,1,1,231168,48,4816.0,73,182027,17,49,12,2,7,56.4,8746,3.3,3.74,90,4355.0,4433,21,73.0,91,0,1,0,0,0,0,1,0,0,0,1,0,0,0.08,0.0,19.0,0.0,71117.0
2705,1,0,93888,36,2608.0,63,86513,38,36,5,1,5,50.5,8288,3.7,4.52,110,1562.0,1460,49,0.0,197,0,1,0,0,0,0,0,0,1,0,0,1,0,1.0,0.0,61.0,0.0,654103.0
2720,2,0,93888,36,2608.0,2,88884,80,26,6,2,5,46.7,8507,1.6,1.85,132,2159.0,2674,63,0.0,77,1,1,0,1,0,0,0,0,0,0,0,0,1,0.22,0.0,17.0,0.0,105502.0
2725,1,2,69624,36,1934.0,52,139012,59,41,8,3,10,61.9,8363,2.5,3.49,108,2564.0,2799,52,60.0,83,1,1,0,0,1,0,0,0,0,0,1,0,0,0.06,16.0,17.0,7376.0,54349.0
2728,1,0,156420,60,2607.0,52,139012,59,41,8,3,10,61.9,8363,2.5,3.49,108,2564.0,2799,42,0.0,75,1,1,0,0,1,0,0,0,0,0,0,0,1,0.1,0.0,13.0,0.0,145886.0
2753,2,0,66432,24,2768.0,26,170449,0,0,0,1,1,100.0,10787,2.6,3.09,131,6041.0,6261,28,0.0,118,0,1,0,0,0,0,0,0,0,1,1,0,0,0.62,0.0,30.0,0.0,206070.0
2754,1,0,335280,48,6985.0,57,161954,21,37,20,3,8,48.0,8720,3.7,4.5,116,3729.0,3651,47,0.0,119,0,1,0,0,0,0,0,0,1,0,0,0,1,0.42,0.0,30.0,0.0,86460.0
2762,1,0,111384,24,4641.0,19,51428,50,11,3,1,4,52.7,8402,3.1,3.98,120,999.0,1099,32,0.0,206,1,1,0,0,0,0,0,1,0,0,1,0,0,1.0,0.0,68.0,0.0,468656.0
2824,1,3,50460,60,841.0,11,75637,35,36,9,0,7,36.5,9622,0.4,0.59,154,3475.0,3529,52,41.0,188,0,1,0,1,0,0,0,0,0,0,1,0,0,0.88,0.0,58.0,0.0,422762.0
2872,1,0,268320,60,4472.0,1,1204953,0,0,0,1,1,100.0,12541,0.2,0.43,167,85677.0,99107,47,0.0,101,0,1,1,0,0,0,0,0,0,0,1,0,0,0.32,0.0,24.0,0.0,96960.0
2910,1,2,437460,60,7291.0,68,228848,15,40,18,2,6,57.2,9893,4.0,4.72,96,5623.0,5887,46,40.0,66,0,1,0,0,0,0,1,0,0,0,1,0,0,0.07,0.0,9.0,0.0,61002.0
2912,1,2,380160,60,6336.0,74,323870,0,0,0,1,1,100.0,10673,4.7,5.44,100,18782.0,18347,50,66.0,165,1,1,0,0,0,0,1,0,0,0,1,0,0,0.57,0.0,0.0,0.0,0.0
2933,2,0,272520,60,4542.0,10,92084,55,29,4,3,5,46.7,10124,0.5,0.54,141,3810.0,4316,60,0.0,198,1,1,0,1,0,0,0,0,0,0,1,0,0,0.92,0.0,65.0,0.0,383955.0
2936,1,0,504000,60,8400.0,3,75232,55,26,4,1,5,41.7,8980,1.9,2.21,111,2824.0,2813,28,0.0,114,1,1,0,1,0,0,0,0,0,0,1,0,0,0.18,0.0,29.0,0.0,123163.0
2962,1,0,31248,12,2604.0,1,1204953,0,0,0,1,1,100.0,12541,0.2,0.43,167,85677.0,99107,60,0.0,200,0,1,1,0,0,0,0,0,0,0,1,0,0,1.0,0.0,0.0,0.0,0.0
2982,2,3,41256,12,3438.0,19,51428,50,11,3,1,4,52.7,8402,3.1,3.98,120,999.0,1099,61,90.0,108,1,1,0,0,0,0,0,1,0,0,1,0,0,0.67,27.0,27.0,6102.0,219861.0
2986,1,2,24792,24,1033.0,63,86513,38,36,5,1,5,50.5,8288,3.7,4.52,110,1562.0,1460,41,61.0,113,1,1,0,0,0,0,0,0,1,0,1,0,0,0.54,0.0,28.0,0.0,92428.0
2988,2,0,88608,12,7384.0,66,125832,151,41,2,3,5,48.3,8512,3.5,4.12,102,2247.0,2103,52,0.0,97,1,1,0,0,0,0,0,0,1,0,0,1,0,0.42,0.0,0.0,0.0,0.0
2994,1,2,48744,36,1354.0,77,148545,8,35,12,3,4,53.5,8909,4.0,5.56,113,3460.0,3590,35,62.0,111,0,1,0,0,0,0,1,0,0,0,1,0,0,0.75,0.0,28.0,0.0,90076.0
3005,1,0,390000,48,8125.0,42,95907,87,25,5,2,7,59.1,8388,2.4,2.94,87,1658.0,1668,52,0.0,90,1,1,0,0,1,0,0,0,0,0,0,1,0,0.15,0.0,10.0,0.0,68830.0
3021,1,0,155616,48,3242.0,10,92084,55,29,4,3,5,46.7,10124,0.5,0.54,141,3810.0,4316,40,0.0,112,0,1,0,1,0,0,0,0,0,0,1,0,0,0.52,0.0,0.0,0.0,0.0
3037,1,0,277884,36,7719.0,44,105606,77,26,7,2,7,53.0,8254,2.7,3.76,97,2166.0,2325,19,0.0,170,0,0,0,0,1,0,0,0,0,0,1,0,0,0.44,0.0,36.0,0.0,224200.0
3050,2,2,82896,12,6908.0,60,110643,49,41,4,1,4,51.9,8441,3.4,4.48,115,1879.0,2252,27,178.0,202,1,1,0,0,0,0,0,0,1,0,1,0,0,1.0,63.0,63.0,2583.0,612108.0
3064,1,0,15420,12,1285.0,40,128118,9,16,6,3,8,85.3,9317,6.4,7.07,97,6949.0,6872,34,0.0,201,0,1,0,0,0,1,0,0,0,0,1,0,0,1.0,0.0,62.0,0.0,90210.0
3084,1,0,253512,36,7042.0,59,108871,41,29,7,2,6,62.1,8444,3.2,3.47,106,2595.0,2305,54,0.0,119,0,0,0,0,0,0,0,0,1,0,0,0,1,0.67,0.0,30.0,0.0,267000.0
3112,2,1,123216,48,2567.0,38,85852,41,23,4,2,4,59.8,8965,7.0,8.23,104,2653.0,2822,22,103.0,163,0,1,0,0,0,1,0,0,0,0,1,0,0,0.71,0.0,45.0,0.0,66060.0
3115,2,0,321180,60,5353.0,14,177686,69,27,10,1,9,74.8,10045,1.4,1.71,135,6604.0,6295,63,0.0,114,1,1,0,0,0,0,0,1,0,0,1,0,0,0.42,0.0,29.0,0.0,426967.0
3137,1,0,253560,60,4226.0,39,119895,17,4,3,2,4,89.9,10446,7.3,9.4,90,4947.0,4743,48,0.0,92,0,1,0,0,0,1,0,0,0,0,1,0,0,0.05,0.0,0.0,0.0,0.0
3143,2,0,130896,24,5454.0,38,85852,41,23,4,2,4,59.8,8965,7.0,8.23,104,2653.0,2822,45,0.0,97,0,1,0,0,0,1,0,0,0,0,1,0,0,0.29,0.0,21.0,0.0,93954.0
3161,1,0,30012,12,2501.0,48,78955,50,24,8,1,9,59.0,9060,1.7,2.44,124,1655.0,1717,46,0.0,101,1,1,0,0,1,0,0,0,0,0,1,0,0,0.5,0.0,0.0,0.0,0.0
3166,1,2,177744,48,3703.0,71,161227,5,35,11,4,10,69.7,8678,5.9,5.57,102,4980.0,4595,27,110.0,194,1,0,0,0,0,0,1,0,0,0,1,0,0,0.94,0.0,0.0,0.0,0.0
3189,1,0,222180,60,3703.0,29,45714,52,10,5,1,6,55.6,8843,2.8,3.6,113,818.0,888,60,0.0,124,1,0,0,0,0,0,0,0,0,1,1,0,0,0.33,0.0,0.0,0.0,0.0
3229,1,2,39024,12,3252.0,64,197099,29,41,10,2,10,74.7,9624,1.6,2.31,145,4484.0,4265,63,69.0,125,1,1,0,0,0,0,0,0,1,0,1,0,0,1.0,0.0,35.0,0.0,238980.0
3230,1,0,77184,36,2144.0,1,1204953,0,0,0,1,1,100.0,12541,0.2,0.43,167,85677.0,99107,45,0.0,146,0,1,1,0,0,0,0,0,0,0,1,0,0,0.75,0.0,0.0,0.0,0.0
3249,1,0,68124,12,5677.0,74,323870,0,0,0,1,1,100.0,10673,4.7,5.44,100,18782.0,18347,42,0.0,98,1,1,0,0,0,0,1,0,0,0,1,0,0,1.0,0.0,22.0,0.0,180334.0
3273,1,0,94512,12,7876.0,74,323870,0,0,0,1,1,100.0,10673,4.7,5.44,100,18782.0,18347,47,0.0,121,1,0,0,0,0,0,1,0,0,0,1,0,0,0.75,0.0,0.0,0.0,0.0
3293,1,2,276084,36,7669.0,1,1204953,0,0,0,1,1,100.0,12541,0.2,0.43,167,85677.0,99107,35,43.0,72,0,1,1,0,0,0,0,0,0,0,1,0,0,0.03,13.0,12.0,754.0,38772.0
3329,2,0,19248,12,1604.0,3,75232,55,26,4,1,5,41.7,8980,1.9,2.21,111,2824.0,2813,35,0.0,97,1,1,0,1,0,0,0,0,0,0,1,0,0,1.0,0.0,22.0,0.0,203478.0
3353,1,0,146064,24,6086.0,74,323870,0,0,0,1,1,100.0,10673,4.7,5.44,100,18782.0,18347,46,0.0,101,0,1,0,0,0,0,1,0,0,0,1,0,0,0.92,23.0,23.0,9522.0,244168.0
3354,1,0,4980,12,415.0,63,86513,38,36,5,1,5,50.5,8288,3.7,4.52,110,1562.0,1460,47,0.0,187,0,1,0,0,0,0,0,0,1,0,1,0,0,1.0,58.0,57.0,89320.0,27873.0
3390,1,0,40632,12,3386.0,12,107870,84,29,6,1,6,58.0,8754,3.8,4.31,137,3804.0,3868,54,0.0,92,0,1,0,1,0,0,0,0,0,0,0,0,1,0.83,20.0,20.0,2100.0,17000.0
3403,1,0,71820,36,1995.0,63,86513,38,36,5,1,5,50.5,8288,3.7,4.52,110,1562.0,1460,35,0.0,79,1,1,0,0,0,0,0,0,1,0,1,0,0,0.17,0.0,0.0,0.0,0.0
3418,2,0,207264,48,4318.0,42,95907,87,25,5,2,7,59.1,8388,2.4,2.94,87,1658.0,1668,37,0.0,101,1,1,0,0,1,0,0,0,0,0,0,1,0,0.4,0.0,0.0,0.0,0.0
3448,2,0,68664,24,2861.0,58,109164,98,16,6,1,4,63.6,8757,3.3,3.95,96,2212.0,2471,19,0.0,108,0,1,0,0,0,0,0,0,1,0,0,0,1,0.58,0.0,0.0,0.0,0.0
3455,1,0,67464,12,5622.0,34,125236,28,11,1,4,5,87.7,9675,6.4,7.68,100,5323.0,5190,64,0.0,115,1,1,0,0,0,1,0,0,0,0,1,0,0,1.0,0.0,0.0,0.0,0.0
3460,2,0,140688,48,2931.0,16,93931,74,21,10,1,8,56.9,8427,1.1,1.54,107,1874.0,1913,58,0.0,83,1,1,0,0,0,0,0,1,0,0,1,0,0,0.15,0.0,0.0,0.0,0.0
3489,1,0,44088,24,1837.0,9,81344,61,23,4,2,6,55.3,8899,3.3,3.97,149,2987.0,2487,48,0.0,154,0,1,0,1,0,0,0,0,0,0,1,0,0,1.0,0.0,44.0,0.0,148412.0
3556,1,0,174840,60,2914.0,58,109164,98,16,6,1,4,63.6,8757,3.3,3.95,96,2212.0,2471,48,0.0,71,0,1,0,0,0,0,0,0,1,0,1,0,0,0.05,0.0,12.0,0.0,50880.0
3562,1,0,174960,24,7290.0,50,102609,75,33,2,3,6,52.0,8187,4.8,5.45,94,2123.0,2134,22,0.0,105,0,1,0,0,1,0,0,0,0,0,1,0,0,0.29,0.0,0.0,0.0,0.0
3608,1,0,161496,36,4486.0,72,226122,32,50,7,4,4,62.6,8994,3.8,4.79,110,9672.0,9208,28,0.0,162,1,1,0,0,0,0,1,0,0,0,0,0,1,0.86,0.0,50.0,0.0,156200.0
3629,1,0,158760,60,2646.0,48,78955,50,24,8,1,9,59.0,9060,1.7,2.44,124,1655.0,1717,21,0.0,195,1,1,0,0,1,0,0,0,0,0,1,0,0,0.72,60.0,60.0,524520.0,113640.0
3637,1,0,14028,12,1169.0,53,107911,88,33,6,2,7,50.9,8240,2.5,3.56,99,1850.0,1903,54,0.0,127,0,1,0,0,0,0,0,0,1,0,1,0,0,1.0,0.0,34.0,0.0,165818.0
3664,1,2,271584,48,5658.0,1,1204953,0,0,0,1,1,100.0,12541,0.2,0.43,167,85677.0,99107,23,50.0,111,1,1,1,0,0,0,0,0,0,0,1,0,0,0.31,0.0,0.0,0.0,0.0
3674,1,0,23628,12,1969.0,38,85852,41,23,4,2,4,59.8,8965,7.0,8.23,104,2653.0,2822,45,0.0,207,1,1,0,0,0,1,0,0,0,0,1,0,0,1.0,0.0,64.0,0.0,608192.0
3678,1,0,316140,60,5269.0,1,1204953,0,0,0,1,1,100.0,12541,0.2,0.43,167,85677.0,99107,31,0.0,206,1,0,1,0,0,0,0,0,0,0,1,0,0,0.68,0.0,65.0,0.0,390100.0
3679,2,0,444864,48,9268.0,64,197099,29,41,10,2,10,74.7,9624,1.6,2.31,145,4484.0,4265,35,0.0,133,1,1,0,0,0,0,0,0,1,0,1,0,0,0.6,0.0,35.0,0.0,135415.0
3711,1,0,460980,60,7683.0,3,75232,55,26,4,1,5,41.7,8980,1.9,2.21,111,2824.0,2813,35,0.0,80,0,0,0,1,0,0,0,0,0,0,1,0,0,0.15,0.0,12.0,0.0,75700.0
3747,1,0,76380,12,6365.0,1,1204953,0,0,0,1,1,100.0,12541,0.2,0.43,167,85677.0,99107,42,0.0,172,0,1,1,0,0,0,0,0,0,0,1,0,0,1.0,52.0,52.0,78000.0,124228.0
3752,1,0,18564,12,1547.0,1,1204953,0,0,0,1,1,100.0,12541,0.2,0.43,167,85677.0,99107,36,0.0,155,0,1,1,0,0,0,0,0,0,0,1,0,0,1.0,0.0,45.0,0.0,144810.0
3754,2,0,68544,24,2856.0,37,114006,71,26,6,2,9,62.3,9065,4.4,5.39,123,4147.0,4166,23,0.0,117,1,1,0,0,0,1,0,0,0,0,0,0,1,1.0,30.0,29.0,27390.0,115304.0
3804,1,0,63252,12,5271.0,7,94725,38,28,1,3,6,63.4,9920,2.2,2.87,130,4289.0,4846,50,0.0,174,0,1,0,1,0,0,0,0,0,0,1,0,0,1.0,0.0,53.0,0.0,34079.0
3834,2,0,23052,12,1921.0,54,387570,0,0,0,1,1,100.0,9897,1.6,1.96,140,18721.0,18696,59,0.0,211,0,1,0,0,0,0,0,0,1,0,1,0,0,1.0,66.0,66.0,210474.0,205524.0
3859,1,0,307200,60,5120.0,53,107911,88,33,6,2,7,50.9,8240,2.5,3.56,99,1850.0,1903,37,0.0,112,1,0,0,0,0,0,0,0,1,0,1,0,0,0.17,0.0,0.0,0.0,0.0
3862,1,0,74916,36,2081.0,1,1204953,0,0,0,1,1,100.0,12541,0.2,0.43,167,85677.0,99107,57,0.0,94,1,1,1,0,0,0,0,0,0,0,1,0,0,0.08,0.0,20.0,0.0,70160.0
3875,1,0,153936,24,6414.0,44,105606,77,26,7,2,7,53.0,8254,2.7,3.76,97,2166.0,2325,50,0.0,67,1,1,0,0,1,0,0,0,0,0,1,0,0,0.42,0.0,0.0,0.0,0.0
3906,2,0,334620,60,5577.0,52,139012,59,41,8,3,10,61.9,8363,2.5,3.49,108,2564.0,2799,38,0.0,75,0,1,0,0,1,0,0,0,0,0,1,0,0,0.17,0.0,0.0,0.0,0.0
3907,1,0,133848,24,5577.0,37,114006,71,26,6,2,9,62.3,9065,4.4,5.39,123,4147.0,4166,39,0.0,112,0,1,0,0,0,1,0,0,0,0,1,0,0,0.38,0.0,0.0,0.0,0.0
3916,1,0,96984,36,2694.0,8,112065,95,19,7,1,8,69.4,11277,1.2,1.44,127,5179.0,4987,27,0.0,68,1,1,0,1,0,0,0,0,0,0,1,0,0,0.17,11.0,11.0,28270.0,119900.0
3942,1,0,107352,36,2982.0,27,67298,71,19,10,0,7,43.8,8561,0.6,1.29,110,1029.0,1127,60,0.0,110,0,1,0,0,0,0,0,0,0,1,0,0,1,0.39,0.0,21.0,0.0,281988.0
3953,1,0,63576,12,5298.0,1,1204953,0,0,0,1,1,100.0,12541,0.2,0.43,167,85677.0,99107,39,0.0,77,0,1,1,0,0,0,0,0,0,0,1,0,0,0.75,0.0,0.0,0.0,0.0
3967,1,0,84600,36,2350.0,54,387570,0,0,0,1,1,100.0,9897,1.6,1.96,140,18721.0,18696,61,0.0,99,1,0,0,0,0,0,0,0,1,0,1,0,0,0.56,0.0,0.0,0.0,0.0
4033,1,0,84288,48,1756.0,57,161954,21,37,20,3,8,48.0,8720,3.7,4.5,116,3729.0,3651,22,0.0,94,0,1,0,0,0,0,0,0,1,0,1,0,0,0.44,0.0,20.0,0.0,29880.0
4052,1,0,106128,36,2948.0,36,159617,29,19,8,1,9,85.2,9198,3.3,4.28,131,5796.0,6132,21,0.0,89,1,1,0,0,0,1,0,0,0,0,0,0,1,0.33,0.0,0.0,0.0,0.0
4079,1,0,158976,48,3312.0,52,139012,59,41,8,3,10,61.9,8363,2.5,3.49,108,2564.0,2799,60,0.0,187,1,1,0,0,1,0,0,0,0,0,1,0,0,0.94,59.0,59.0,18939.0,295531.0
4081,1,0,137904,24,5746.0,11,75637,35,36,9,0,7,36.5,9622,0.4,0.59,154,3475.0,3529,31,0.0,135,1,0,0,1,0,0,0,0,0,0,1,0,0,0.71,0.0,36.0,0.0,295700.0
4099,1,2,41856,48,872.0,54,387570,0,0,0,1,1,100.0,9897,1.6,1.96,140,18721.0,18696,39,36.0,109,0,1,0,0,0,0,0,0,1,0,1,0,0,0.35,27.0,27.0,35046.0,52002.0
4116,1,0,151200,36,4200.0,6,77963,60,23,4,2,4,51.5,8546,2.9,4.02,126,2640.0,3120,53,0.0,68,1,1,0,1,0,0,0,0,0,0,1,0,0,0.19,0.0,9.0,0.0,130032.0
4127,1,0,100800,24,4200.0,50,102609,75,33,2,3,6,52.0,8187,4.8,5.45,94,2123.0,2134,61,0.0,111,1,0,0,0,1,0,0,0,0,0,1,0,0,0.12,22.0,7.0,1518.0,77735.0
4144,2,0,212976,36,5916.0,1,1204953,0,0,0,1,1,100.0,12541,0.2,0.43,167,85677.0,99107,26,0.0,102,0,1,1,0,0,0,0,0,0,0,1,0,0,0.17,0.0,24.0,0.0,210072.0
4190,1,0,405780,60,6763.0,62,145688,22,41,13,2,5,40.7,8544,1.2,1.86,109,2719.0,2906,48,0.0,129,1,1,0,0,0,0,0,0,1,0,1,0,0,0.27,34.0,35.0,42228.0,101535.0
4259,1,0,79632,24,3318.0,66,125832,151,41,2,3,5,48.3,8512,3.5,4.12,102,2247.0,2103,40,0.0,174,0,1,0,0,0,0,0,0,1,0,1,0,0,1.0,0.0,53.0,0.0,504348.0
4260,1,0,244560,60,4076.0,56,124605,11,42,14,1,8,46.0,8772,4.6,4.98,126,2854.0,3158,32,0.0,189,0,1,0,0,0,0,0,0,1,0,1,0,0,0.9,0.0,58.0,0.0,696348.0
4268,2,0,41988,12,3499.0,77,148545,8,35,12,3,4,53.5,8909,4.0,5.56,113,3460.0,3590,26,0.0,87,1,1,0,0,0,0,1,0,0,0,1,0,0,0.17,0.0,17.0,0.0,112982.0
4293,1,0,164196,36,4561.0,64,197099,29,41,10,2,10,74.7,9624,1.6,2.31,145,4484.0,4265,43,0.0,118,0,1,0,0,0,0,0,0,1,0,0,1,0,0.53,0.0,22.0,0.0,105534.0
4320,1,0,51360,12,4280.0,61,117897,139,28,5,1,6,53.8,8814,4.7,5.74,107,2112.0,2059,54,0.0,104,0,0,0,0,0,0,0,0,1,0,1,0,0,0.92,0.0,0.0,0.0,0.0
4337,1,2,51408,24,2142.0,29,45714,52,10,5,1,6,55.6,8843,2.8,3.6,113,818.0,888,50,36.0,186,1,1,0,0,0,0,0,0,0,1,1,0,0,1.0,0.0,0.0,0.0,0.0
4342,1,2,100128,24,4172.0,74,323870,0,0,0,1,1,100.0,10673,4.7,5.44,100,18782.0,18347,51,47.0,111,0,1,0,0,0,0,1,0,0,0,1,0,0,0.54,0.0,29.0,0.0,177915.0
4354,1,2,327660,60,5461.0,38,85852,41,23,4,2,4,59.8,8965,7.0,8.23,104,2653.0,2822,57,34.0,90,0,1,0,0,0,1,0,0,0,0,1,0,0,0.03,0.0,19.0,0.0,242364.0
4361,2,3,90156,12,7513.0,69,42821,4,13,5,1,3,48.4,8173,0.0,7.01,124,0.0,1358,53,52.0,115,0,1,0,0,0,0,1,0,0,0,1,0,0,1.0,0.0,0.0,0.0,0.0
4413,2,0,221280,48,4610.0,74,323870,0,0,0,1,1,100.0,10673,4.7,5.44,100,18782.0,18347,31,0.0,181,1,1,0,0,0,0,1,0,0,0,0,0,1,0.98,0.0,54.0,0.0,421308.0
4414,2,0,97224,24,4051.0,24,122603,25,21,6,2,8,80.0,8991,1.3,2.01,128,5198.0,5273,48,0.0,191,0,1,0,0,0,0,0,0,0,1,1,0,0,1.0,0.0,59.0,0.0,219244.0
4415,1,0,74040,12,6170.0,73,182027,17,49,12,2,7,56.4,8746,3.3,3.74,90,4355.0,4433,43,0.0,136,0,1,0,0,0,0,1,0,0,0,1,0,0,1.0,38.0,38.0,2926.0,174838.0
4423,1,2,73836,36,2051.0,39,119895,17,4,3,2,4,89.9,10446,7.3,9.4,90,4947.0,4743,32,43.0,142,0,1,0,0,0,1,0,0,0,0,1,0,0,1.0,0.0,38.0,0.0,48526.0
4427,2,0,87816,12,7318.0,32,105058,32,19,7,2,10,81.0,9272,2.8,3.22,118,4340.0,4505,38,0.0,199,1,1,0,0,0,1,0,0,0,0,1,0,0,1.0,0.0,62.0,0.0,310310.0
4447,2,0,192744,36,5354.0,62,145688,22,41,13,2,5,40.7,8544,1.2,1.86,109,2719.0,2906,35,0.0,107,1,1,0,0,0,0,0,0,1,0,1,0,0,0.72,0.0,0.0,0.0,0.0
4448,2,2,192744,36,5354.0,60,110643,49,41,4,1,4,51.9,8441,3.4,4.48,115,1879.0,2252,28,75.0,200,0,1,0,0,0,0,0,0,1,0,1,0,0,1.0,0.0,0.0,0.0,0.0
4456,1,2,321240,60,5354.0,14,177686,69,27,10,1,9,74.8,10045,1.4,1.71,135,6604.0,6295,29,38.0,101,1,1,0,0,0,0,0,1,0,0,1,0,0,0.18,0.0,0.0,0.0,0.0
4462,1,0,66480,24,2770.0,73,182027,17,49,12,2,7,56.4,8746,3.3,3.74,90,4355.0,4433,64,0.0,122,1,0,0,0,0,0,1,0,0,0,0,0,1,0.67,0.0,0.0,0.0,0.0
4467,1,0,86184,36,2394.0,17,74062,99,15,4,2,7,61.4,8114,2.3,2.62,119,1003.0,1181,31,0.0,82,1,1,0,0,0,0,0,1,0,0,0,0,1,0.14,0.0,16.0,0.0,72896.0
4473,1,0,93960,60,1566.0,45,77917,85,19,6,1,5,53.5,8390,2.2,2.89,132,2080.0,2122,37,0.0,128,1,1,0,0,1,0,0,0,0,0,1,0,0,0.4,0.0,33.0,0.0,182424.0
4476,1,0,15192,24,633.0,24,122603,25,21,6,2,8,80.0,8991,1.3,2.01,128,5198.0,5273,27,0.0,156,0,1,0,0,0,0,0,0,0,1,1,0,0,1.0,45.0,45.0,139635.0,143775.0
4503,1,1,135360,48,2820.0,50,102609,75,33,2,3,6,52.0,8187,4.8,5.45,94,2123.0,2134,24,127.0,151,1,1,0,0,1,0,0,0,0,0,1,0,0,0.75,0.0,0.0,0.0,0.0
4533,1,2,81144,36,2254.0,68,228848,15,40,18,2,6,57.2,9893,4.0,4.72,96,5623.0,5887,55,46.0,73,0,1,0,0,0,0,1,0,0,0,1,0,0,0.22,0.0,11.0,0.0,115269.0
4550,1,0,61320,60,1022.0,56,124605,11,42,14,1,8,46.0,8772,4.6,4.98,126,2854.0,3158,52,0.0,88,0,1,0,0,0,0,0,0,1,0,1,0,0,0.2,19.0,19.0,8056.0,21147.0
4576,1,0,300204,36,8339.0,27,67298,71,19,10,0,7,43.8,8561,0.6,1.29,110,1029.0,1127,35,0.0,200,1,1,0,0,0,0,0,0,0,1,1,0,0,1.0,0.0,63.0,0.0,357700.0
4580,1,2,20220,12,1685.0,9,81344,61,23,4,2,6,55.3,8899,3.3,3.97,149,2987.0,2487,26,80.0,162,0,1,0,1,0,0,0,0,0,0,1,0,0,1.0,0.0,46.0,0.0,401258.0
4585,2,2,64656,48,1347.0,27,67298,71,19,10,0,7,43.8,8561,0.6,1.29,110,1029.0,1127,52,37.0,108,1,1,0,0,0,0,0,0,0,1,1,0,0,0.54,0.0,26.0,0.0,105690.0
4616,1,2,66696,24,2779.0,1,1204953,0,0,0,1,1,100.0,12541,0.2,0.43,167,85677.0,99107,23,43.0,69,1,1,1,0,0,0,0,0,0,0,1,0,0,0.5,0.0,12.0,0.0,147120.0
4618,1,0,66696,24,2779.0,3,75232,55,26,4,1,5,41.7,8980,1.9,2.21,111,2824.0,2813,33,0.0,104,0,0,0,1,0,0,0,0,0,0,1,0,0,0.62,0.0,19.0,0.0,221900.0
4626,1,0,33348,12,2779.0,9,81344,61,23,4,2,6,55.3,8899,3.3,3.97,149,2987.0,2487,29,0.0,107,0,1,0,1,0,0,0,0,0,0,1,0,0,1.0,0.0,0.0,0.0,0.0
4631,2,2,87528,24,3647.0,77,148545,8,35,12,3,4,53.5,8909,4.0,5.56,113,3460.0,3590,48,56.0,92,1,1,0,0,0,0,1,0,0,0,0,1,0,0.5,0.0,0.0,0.0,0.0
4650,1,0,402000,60,6700.0,4,149893,63,29,6,2,6,67.4,9753,4.6,5.05,109,5244.0,5892,19,0.0,128,1,1,0,1,0,0,0,0,0,0,1,0,0,0.47,0.0,33.0,0.0,18282.0
4660,1,0,106944,24,4456.0,63,86513,38,36,5,1,5,50.5,8288,3.7,4.52,110,1562.0,1460,46,0.0,91,0,1,0,0,0,0,0,0,1,0,1,0,0,0.79,20.0,20.0,8740.0,42420.0
4681,1,0,162624,48,3388.0,70,285387,0,2,8,5,7,89.9,10177,6.6,7.75,81,9878.0,10108,42,0.0,133,0,1,0,0,0,0,1,0,0,0,1,0,0,0.44,0.0,37.0,0.0,185592.0
4715,1,2,97176,24,4049.0,8,112065,95,19,7,1,8,69.4,11277,1.2,1.44,127,5179.0,4987,44,77.0,96,0,1,0,1,0,0,0,0,0,0,1,0,0,0.88,0.0,0.0,0.0,0.0
4725,1,0,168264,36,4674.0,73,182027,17,49,12,2,7,56.4,8746,3.3,3.74,90,4355.0,4433,49,0.0,82,1,1,0,0,0,0,1,0,0,0,1,0,0,0.39,0.0,16.0,0.0,215392.0
4727,1,0,107640,24,4485.0,2,88884,80,26,6,2,5,46.7,8507,1.6,1.85,132,2159.0,2674,40,0.0,148,0,1,0,1,0,0,0,0,0,0,1,0,0,1.0,0.0,42.0,0.0,150360.0
4746,1,2,204780,60,3413.0,54,387570,0,0,0,1,1,100.0,9897,1.6,1.96,140,18721.0,18696,46,59.0,86,1,1,0,0,0,0,0,0,1,0,1,0,0,0.27,0.0,0.0,0.0,0.0
4774,2,0,465072,48,9689.0,66,125832,151,41,2,3,5,48.3,8512,3.5,4.12,102,2247.0,2103,51,0.0,181,1,1,0,0,0,0,0,0,1,0,1,0,0,0.88,0.0,55.0,0.0,347300.0
4784,2,0,219456,48,4572.0,46,112709,48,20,7,3,10,73.5,8369,1.7,2.31,117,2854.0,2618,39,0.0,72,0,1,0,0,1,0,0,0,0,0,1,0,0,0.27,0.0,0.0,0.0,0.0
4794,1,0,465504,48,9698.0,72,226122,32,50,7,4,4,62.6,8994,3.8,4.79,110,9672.0,9208,37,0.0,92,1,0,0,0,0,0,1,0,0,0,1,0,0,0.23,20.0,20.0,62840.0,38440.0
4803,1,0,59136,48,1232.0,26,170449,0,0,0,1,1,100.0,10787,2.6,3.09,131,6041.0,6261,20,0.0,108,0,1,0,0,0,0,0,0,0,1,1,0,0,0.46,0.0,0.0,0.0,0.0
4825,2,0,21396,12,1783.0,15,58796,22,16,7,1,5,51.9,9045,3.1,3.6,124,1845.0,1879,31,0.0,169,1,1,0,0,0,0,0,1,0,0,1,0,0,1.0,0.0,0.0,0.0,0.0
4851,2,0,141648,24,5902.0,52,139012,59,41,8,3,10,61.9,8363,2.5,3.49,108,2564.0,2799,47,0.0,118,1,1,0,0,1,0,0,0,0,0,1,0,0,1.0,0.0,28.0,0.0,119980.0
4852,1,0,213300,36,5925.0,47,162580,83,26,5,1,6,72.8,9538,1.5,1.81,111,6079.0,5410,35,0.0,143,1,1,0,0,1,0,0,0,0,0,1,0,0,0.94,0.0,39.0,0.0,186966.0
4858,1,0,335184,48,6983.0,67,106054,38,25,6,2,6,63.1,8110,5.7,6.55,109,3244.0,3079,21,0.0,76,0,0,0,0,0,0,1,0,0,0,1,0,0,0.08,0.0,0.0,0.0,0.0
4863,1,1,76080,12,6340.0,5,95616,65,30,4,1,6,51.4,9307,3.8,4.43,118,2616.0,3040,20,96.0,115,0,1,0,1,0,0,0,0,0,0,1,0,0,1.0,0.0,29.0,0.0,95700.0
4894,1,2,117024,24,4876.0,14,177686,69,27,10,1,9,74.8,10045,1.4,1.71,135,6604.0,6295,64,117.0,198,1,1,0,0,0,0,0,1,0,0,1,0,0,1.0,0.0,0.0,0.0,0.0
4907,1,0,98832,48,2059.0,42,95907,87,25,5,2,7,59.1,8388,2.4,2.94,87,1658.0,1668,29,0.0,179,0,1,0,0,1,0,0,0,0,0,1,0,0,0.75,55.0,54.0,17875.0,212652.0
4937,1,0,143904,24,5996.0,12,107870,84,29,6,1,6,58.0,8754,3.8,4.31,137,3804.0,3868,48,0.0,208,1,1,0,1,0,0,0,0,0,0,1,0,0,1.0,0.0,68.0,0.0,182716.0
4948,1,0,359760,60,5996.0,43,161854,73,21,6,1,6,76.3,9425,1.7,2.5,125,4085.0,3891,20,0.0,134,1,1,0,0,1,0,0,0,0,0,1,0,0,0.42,0.0,29.0,0.0,136590.0
4949,1,3,289920,48,6040.0,33,133777,24,17,7,3,11,84.7,8705,5.7,7.61,116,4650.0,4859,55,32.0,97,0,1,0,0,0,1,0,0,0,0,1,0,0,0.33,0.0,0.0,0.0,0.0
4969,1,0,150180,60,2503.0,60,110643,49,41,4,1,4,51.9,8441,3.4,4.48,115,1879.0,2252,62,0.0,102,1,1,0,0,0,0,0,0,1,0,0,0,1,0.35,0.0,22.0,0.0,182798.0
4981,1,0,179328,48,3736.0,54,387570,0,0,0,1,1,100.0,9897,1.6,1.96,140,18721.0,18696,26,0.0,119,1,1,0,0,0,0,0,0,1,0,1,0,0,0.52,0.0,31.0,0.0,152830.0
4994,1,0,258444,36,7179.0,1,1204953,0,0,0,1,1,100.0,12541,0.2,0.43,167,85677.0,99107,33,0.0,120,1,1,1,0,0,0,0,0,0,0,0,0,1,0.78,0.0,0.0,0.0,0.0
4995,1,0,128988,36,3583.0,20,70646,94,14,3,1,4,58.4,8547,2.6,3.64,120,1563.0,1542,60,0.0,164,1,0,0,0,0,0,0,1,0,0,0,0,1,0.92,0.0,0.0,0.0,0.0
4999,2,2,165168,36,4588.0,1,1204953,0,0,0,1,1,100.0,12541,0.2,0.43,167,85677.0,99107,41,34.0,118,0,1,1,0,0,0,0,0,0,0,1,0,0,0.53,0.0,30.0,0.0,210840.0
5001,1,0,110112,24,4588.0,53,107911,88,33,6,2,7,50.9,8240,2.5,3.56,99,1850.0,1903,36,0.0,123,1,1,0,0,0,0,0,0,1,0,1,0,0,1.0,0.0,32.0,0.0,297344.0
5033,1,0,11400,12,950.0,54,387570,0,0,0,1,1,100.0,9897,1.6,1.96,140,18721.0,18696,19,0.0,134,0,1,0,0,0,0,0,0,1,0,1,0,0,1.0,37.0,37.0,81252.0,67340.0
5066,1,0,61656,24,2569.0,13,53921,61,22,1,1,2,41.3,8598,2.7,3.26,123,1597.0,1875,46,0.0,132,0,0,0,1,0,0,0,0,0,0,0,0,1,0.92,33.0,32.0,4356.0,134592.0
5072,1,0,317520,60,5292.0,6,77963,60,23,4,2,4,51.5,8546,2.9,4.02,126,2640.0,3120,31,0.0,113,0,1,0,1,0,0,0,0,0,0,1,0,0,0.38,28.0,28.0,29820.0,52164.0
5118,1,0,53232,48,1109.0,72,226122,32,50,7,4,4,62.6,8994,3.8,4.79,110,9672.0,9208,35,0.0,134,1,1,0,0,0,0,1,0,0,0,1,0,0,0.42,0.0,37.0,0.0,114515.0
5120,1,2,323472,48,6739.0,1,1204953,0,0,0,1,1,100.0,12541,0.2,0.43,167,85677.0,99107,59,47.0,198,0,1,1,0,0,0,0,0,0,0,1,0,0,1.0,0.0,58.0,0.0,174464.0
5126,2,0,20352,48,424.0,58,109164,98,16,6,1,4,63.6,8757,3.3,3.95,96,2212.0,2471,51,0.0,144,0,1,0,0,0,0,0,0,1,0,1,0,0,0.75,0.0,40.0,0.0,168320.0
5133,1,2,57060,12,4755.0,68,228848,15,40,18,2,6,57.2,9893,4.0,4.72,96,5623.0,5887,56,50.0,93,1,1,0,0,0,0,1,0,0,0,0,0,1,0.92,18.0,18.0,70434.0,5148.0
5164,1,0,22356,36,621.0,5,95616,65,30,4,1,6,51.4,9307,3.8,4.43,118,2616.0,3040,59,0.0,80,1,1,0,1,0,0,0,0,0,0,1,0,0,0.25,0.0,16.0,0.0,68176.0
5180,2,2,58764,12,4897.0,54,387570,0,0,0,1,1,100.0,9897,1.6,1.96,140,18721.0,18696,53,31.0,86,0,1,0,0,0,0,0,0,1,0,1,0,0,0.42,0.0,0.0,0.0,0.0
5181,1,0,399120,60,6652.0,75,138032,67,30,4,2,5,64.6,8819,5.3,5.66,99,4063.0,4505,57,0.0,118,0,1,0,0,0,0,1,0,0,0,1,0,0,0.33,0.0,0.0,0.0,0.0
5196,1,2,79824,12,6652.0,13,53921,61,22,1,1,2,41.3,8598,2.7,3.26,123,1597.0,1875,43,45.0,76,1,1,0,1,0,0,0,0,0,0,0,0,1,1.0,0.0,15.0,0.0,118575.0
5213,1,2,320976,48,6687.0,1,1204953,0,0,0,1,1,100.0,12541,0.2,0.43,167,85677.0,99107,63,43.0,133,1,0,1,0,0,0,0,0,0,0,1,0,0,0.6,0.0,0.0,0.0,0.0
5215,1,2,14628,12,1219.0,55,157042,49,70,18,0,9,33.9,8743,1.8,2.43,111,3659.0,3894,50,41.0,197,0,1,0,0,0,0,0,0,1,0,1,0,0,1.0,61.0,61.0,22692.0,122.0
5228,2,0,173808,24,7242.0,77,148545,8,35,12,3,4,53.5,8909,4.0,5.56,113,3460.0,3590,42,0.0,198,0,1,0,0,0,0,1,0,0,0,0,1,0,1.0,0.0,0.0,0.0,0.0
5256,1,0,193968,36,5388.0,72,226122,32,50,7,4,4,62.6,8994,3.8,4.79,110,9672.0,9208,27,0.0,188,1,1,0,0,0,0,1,0,0,0,0,1,0,1.0,0.0,0.0,0.0,0.0
5263,1,0,276300,60,4605.0,64,197099,29,41,10,2,10,74.7,9624,1.6,2.31,145,4484.0,4265,23,0.0,135,1,1,0,0,0,0,0,0,1,0,1,0,0,0.43,0.0,36.0,0.0,142200.0
5267,1,0,129312,24,5388.0,4,149893,63,29,6,2,6,67.4,9753,4.6,5.05,109,5244.0,5892,26,0.0,120,0,0,0,1,0,0,0,0,0,0,1,0,0,0.5,0.0,0.0,0.0,0.0
5269,1,0,117420,60,1957.0,49,75685,31,28,5,1,9,60.8,8208,1.8,2.26,155,1660.0,2123,33,0.0,106,1,1,0,0,1,0,0,0,0,0,1,0,0,0.38,0.0,25.0,0.0,19825.0
5270,1,0,79608,24,3317.0,44,105606,77,26,7,2,7,53.0,8254,2.7,3.76,97,2166.0,2325,29,0.0,211,1,1,0,0,1,0,0,0,0,0,1,0,0,1.0,0.0,0.0,0.0,0.0
5283,1,0,170832,48,3559.0,15,58796,22,16,7,1,5,51.9,9045,3.1,3.6,124,1845.0,1879,29,0.0,69,1,1,0,0,0,0,0,1,0,0,1,0,0,0.08,0.0,11.0,0.0,106139.0
5305,1,0,240528,48,5011.0,47,162580,83,26,5,1,6,72.8,9538,1.5,1.81,111,6079.0,5410,43,0.0,100,1,1,0,0,1,0,0,0,0,0,1,0,0,0.19,0.0,0.0,0.0,0.0
5313,1,0,300660,60,5011.0,40,128118,9,16,6,3,8,85.3,9317,6.4,7.07,97,6949.0,6872,49,0.0,203,1,1,0,0,0,1,0,0,0,0,1,0,0,0.97,63.0,63.0,60354.0,364833.0
5317,1,0,90180,36,2505.0,28,72541,66,26,10,0,8,36.9,8594,1.6,2.01,112,1580.0,1525,39,0.0,97,1,1,0,0,0,0,0,0,0,1,1,0,0,0.61,0.0,22.0,0.0,95282.0
5358,1,0,68340,60,1139.0,4,149893,63,29,6,2,6,67.4,9753,4.6,5.05,109,5244.0,5892,46,0.0,140,1,1,0,1,0,0,0,0,0,0,1,0,0,0.38,0.0,38.0,0.0,349258.0
5362,2,0,202848,48,4226.0,76,127369,31,32,13,2,7,51.2,8369,4.7,5.88,107,3736.0,2807,59,0.0,100,0,1,0,0,0,0,1,0,0,0,0,0,1,0.33,0.0,24.0,0.0,153912.0
5385,1,0,149340,60,2489.0,44,105606,77,26,7,2,7,53.0,8254,2.7,3.76,97,2166.0,2325,36,0.0,201,1,1,0,0,1,0,0,0,0,0,0,0,1,0.95,0.0,63.0,0.0,551502.0
5395,1,0,158184,36,4394.0,47,162580,83,26,5,1,6,72.8,9538,1.5,1.81,111,6079.0,5410,46,0.0,112,1,1,0,0,1,0,0,0,0,0,1,0,0,0.44,0.0,0.0,0.0,0.0
5422,2,0,368880,60,6148.0,66,125832,151,41,2,3,5,48.3,8512,3.5,4.12,102,2247.0,2103,25,0.0,158,1,1,0,0,0,0,0,0,1,0,1,0,0,0.52,47.0,47.0,67445.0,39104.0
5428,1,0,174744,24,7281.0,24,122603,25,21,6,2,8,80.0,8991,1.3,2.01,128,5198.0,5273,51,0.0,204,0,0,0,0,0,0,0,0,0,1,1,0,0,0.75,0.0,64.0,0.0,340200.0
5442,1,1,174744,24,7281.0,34,125236,28,11,1,4,5,87.7,9675,6.4,7.68,100,5323.0,5190,21,55.0,206,0,0,0,0,0,1,0,0,0,0,1,0,0,0.46,65.0,58.0,66105.0,470380.0
5445,1,0,78696,36,2186.0,72,226122,32,50,7,4,4,62.6,8994,3.8,4.79,110,9672.0,9208,28,0.0,87,0,1,0,0,0,0,1,0,0,0,1,0,0,0.42,18.0,18.0,11232.0,12330.0
5477,1,2,349392,48,7279.0,57,161954,21,37,20,3,8,48.0,8720,3.7,4.5,116,3729.0,3651,45,79.0,122,1,1,0,0,0,0,0,0,1,0,1,0,0,0.31,0.0,31.0,0.0,196602.0
5481,1,0,209184,48,4358.0,52,139012,59,41,8,3,10,61.9,8363,2.5,3.49,108,2564.0,2799,46,0.0,194,1,1,0,0,1,0,0,0,0,0,1,0,0,1.0,0.0,0.0,0.0,0.0
5541,1,0,32640,48,680.0,43,161854,73,21,6,1,6,76.3,9425,1.7,2.5,125,4085.0,3891,57,0.0,145,1,1,0,0,1,0,0,0,0,0,1,0,0,0.6,0.0,40.0,0.0,124560.0
5572,1,0,140880,60,2348.0,15,58796,22,16,7,1,5,51.9,9045,3.1,3.6,124,1845.0,1879,42,0.0,72,1,1,0,0,0,0,0,1,0,0,1,0,0,0.13,0.0,12.0,0.0,135768.0
5574,1,0,44628,12,3719.0,13,53921,61,22,1,1,2,41.3,8598,2.7,3.26,123,1597.0,1875,56,0.0,166,1,1,0,1,0,0,0,0,0,0,0,0,1,1.0,0.0,49.0,0.0,582022.0
5591,2,0,221880,60,3698.0,9,81344,61,23,4,2,6,55.3,8899,3.3,3.97,149,2987.0,2487,56,0.0,115,0,1,0,1,0,0,0,0,0,0,1,0,0,0.38,29.0,29.0,10005.0,9367.0
5593,1,2,44376,12,3698.0,15,58796,22,16,7,1,5,51.9,9045,3.1,3.6,124,1845.0,1879,37,98.0,116,1,1,0,0,0,0,0,1,0,0,1,0,0,1.0,0.0,32.0,0.0,193568.0
5602,1,2,177504,48,3698.0,19,51428,50,11,3,1,4,52.7,8402,3.1,3.98,120,999.0,1099,55,36.0,105,1,1,0,0,0,0,0,1,0,0,0,1,0,0.25,0.0,0.0,0.0,0.0
5622,1,1,83016,12,6918.0,70,285387,0,2,8,5,7,89.9,10177,6.6,7.75,81,9878.0,10108,20,36.0,209,1,1,0,0,0,0,1,0,0,0,1,0,0,1.0,0.0,68.0,0.0,430236.0
5628,1,0,225420,60,3757.0,61,117897,139,28,5,1,6,53.8,8814,4.7,5.74,107,2112.0,2059,51,0.0,168,0,1,0,0,0,0,0,0,1,0,1,0,0,0.73,0.0,0.0,0.0,0.0
5632,2,0,285600,60,4760.0,5,95616,65,30,4,1,6,51.4,9307,3.8,4.43,118,2616.0,3040,19,0.0,156,0,1,0,1,0,0,0,0,0,0,0,0,1,0.68,0.0,0.0,0.0,0.0
5650,1,0,98592,24,4108.0,10,92084,55,29,4,3,5,46.7,10124,0.5,0.54,141,3810.0,4316,36,0.0,151,0,1,0,1,0,0,0,0,0,0,0,1,0,1.0,0.0,43.0,0.0,452790.0
5698,2,0,99216,36,2756.0,1,1204953,0,0,0,1,1,100.0,12541,0.2,0.43,167,85677.0,99107,48,0.0,70,0,1,1,0,0,0,0,0,0,0,1,0,0,0.03,0.0,10.0,0.0,101200.0
5700,1,0,103680,60,1728.0,42,95907,87,25,5,2,7,59.1,8388,2.4,2.94,87,1658.0,1668,28,0.0,196,1,0,0,0,1,0,0,0,0,0,1,0,0,0.6,0.0,0.0,0.0,0.0
5724,1,0,232560,48,4845.0,14,177686,69,27,10,1,9,74.8,10045,1.4,1.71,135,6604.0,6295,60,0.0,143,0,1,0,0,0,0,0,1,0,0,0,1,0,0.5,39.0,39.0,10959.0,104988.0
5735,1,0,290700,60,4845.0,52,139012,59,41,8,3,10,61.9,8363,2.5,3.49,108,2564.0,2799,40,0.0,150,0,0,0,0,1,0,0,0,0,0,1,0,0,0.52,0.0,0.0,0.0,0.0
5742,1,0,232560,48,4845.0,74,323870,0,0,0,1,1,100.0,10673,4.7,5.44,100,18782.0,18347,29,0.0,136,0,1,0,0,0,0,1,0,0,0,0,1,0,0.75,0.0,0.0,0.0,0.0
5774,1,0,31176,24,1299.0,1,1204953,0,0,0,1,1,100.0,12541,0.2,0.43,167,85677.0,99107,31,0.0,138,1,1,1,0,0,0,0,0,0,0,1,0,0,1.0,0.0,38.0,0.0,53694.0
5794,2,0,123600,60,2060.0,70,285387,0,2,8,5,7,89.9,10177,6.6,7.75,81,9878.0,10108,32,0.0,135,1,1,0,0,0,0,1,0,0,0,1,0,0,0.53,0.0,0.0,0.0,0.0
5837,1,0,177804,36,4939.0,5,95616,65,30,4,1,6,51.4,9307,3.8,4.43,118,2616.0,3040,28,0.0,105,0,1,0,1,0,0,0,0,0,0,1,0,0,0.42,0.0,0.0,0.0,0.0
5891,1,3,65184,12,5432.0,54,387570,0,0,0,1,1,100.0,9897,1.6,1.96,140,18721.0,18696,42,67.0,210,1,1,0,0,0,0,0,0,1,0,1,0,0,1.0,0.0,0.0,0.0,0.0
5912,1,0,184620,60,3077.0,45,77917,85,19,6,1,5,53.5,8390,2.2,2.89,132,2080.0,2122,36,0.0,96,0,1,0,0,1,0,0,0,0,0,1,0,0,0.1,0.0,21.0,0.0,206766.0
5927,1,0,87216,48,1817.0,15,58796,22,16,7,1,5,51.9,9045,3.1,3.6,124,1845.0,1879,35,0.0,185,1,0,0,0,0,0,0,1,0,0,1,0,0,0.9,0.0,57.0,0.0,295400.0
5944,1,2,78720,48,1640.0,27,67298,71,19,10,0,7,43.8,8561,0.6,1.29,110,1029.0,1127,55,39.0,78,0,1,0,0,0,0,0,0,0,1,1,0,0,0.12,0.0,14.0,0.0,65590.0
5952,1,2,141240,24,5885.0,50,102609,75,33,2,3,6,52.0,8187,4.8,5.45,94,2123.0,2134,37,100.0,192,1,1,0,0,1,0,0,0,0,0,1,0,0,1.0,60.0,59.0,221040.0,178652.0
5991,1,0,61056,48,1272.0,1,1204953,0,0,0,1,1,100.0,12541,0.2,0.43,167,85677.0,99107,42,0.0,185,0,1,1,0,0,0,0,0,0,0,1,0,0,1.0,0.0,56.0,0.0,110768.0
6030,1,3,28248,24,1177.0,47,162580,83,26,5,1,6,72.8,9538,1.5,1.81,111,6079.0,5410,29,73.0,193,0,1,0,0,1,0,0,0,0,0,1,0,0,1.0,0.0,0.0,0.0,0.0
6034,1,0,464520,60,7742.0,6,77963,60,23,4,2,4,51.5,8546,2.9,4.02,126,2640.0,3120,59,0.0,206,0,0,0,1,0,0,0,0,0,0,0,0,1,0.8,0.0,0.0,0.0,0.0
6040,1,0,11736,24,489.0,1,1204953,0,0,0,1,1,100.0,12541,0.2,0.43,167,85677.0,99107,61,0.0,203,1,1,1,0,0,0,0,0,0,0,1,0,0,1.0,64.0,64.0,320960.0,168640.0
6051,1,0,276660,36,7685.0,56,124605,11,42,14,1,8,46.0,8772,4.6,4.98,126,2854.0,3158,50,0.0,193,1,0,0,0,0,0,0,0,1,0,1,0,0,0.97,0.0,60.0,0.0,200300.0
6061,1,0,5148,12,429.0,1,1204953,0,0,0,1,1,100.0,12541,0.2,0.43,167,85677.0,99107,36,0.0,85,0,1,1,0,0,0,0,0,0,0,1,0,0,0.58,0.0,16.0,0.0,136336.0
6062,1,2,321360,60,5356.0,24,122603,25,21,6,2,8,80.0,8991,1.3,2.01,128,5198.0,5273,24,31.0,101,1,1,0,0,0,0,0,0,0,1,1,0,0,0.13,0.0,24.0,0.0,254592.0
6075,1,0,407952,48,8499.0,19,51428,50,11,3,1,4,52.7,8402,3.1,3.98,120,999.0,1099,25,0.0,100,0,0,0,0,0,0,0,1,0,0,1,0,0,0.06,0.0,22.0,0.0,74100.0
6083,1,0,360864,48,7518.0,6,77963,60,23,4,2,4,51.5,8546,2.9,4.02,126,2640.0,3120,22,0.0,99,0,0,0,1,0,0,0,0,0,0,0,0,1,0.25,0.0,23.0,0.0,238900.0
6097,1,0,26208,36,728.0,29,45714,52,10,5,1,6,55.6,8843,2.8,3.6,113,818.0,888,26,0.0,77,0,1,0,0,0,0,0,0,0,1,1,0,0,0.39,0.0,14.0,0.0,44170.0
6118,1,0,270648,36,7518.0,1,1204953,0,0,0,1,1,100.0,12541,0.2,0.43,167,85677.0,99107,62,0.0,177,1,0,1,0,0,0,0,0,0,0,0,0,1,0.92,0.0,54.0,0.0,314900.0
6138,2,0,67608,24,2817.0,54,387570,0,0,0,1,1,100.0,9897,1.6,1.96,140,18721.0,18696,36,0.0,89,0,1,0,0,0,0,0,0,1,0,1,0,0,0.71,0.0,18.0,0.0,195642.0
6148,2,2,59760,24,2490.0,74,323870,0,0,0,1,1,100.0,10673,4.7,5.44,100,18782.0,18347,41,100.0,182,1,1,0,0,0,0,1,0,0,0,1,0,0,1.0,0.0,55.0,0.0,431585.0
6157,1,2,247920,48,5165.0,34,125236,28,11,1,4,5,87.7,9675,6.4,7.68,100,5323.0,5190,57,61.0,95,0,1,0,0,0,1,0,0,0,0,1,0,0,0.25,0.0,22.0,0.0,209506.0
6158,1,0,247920,48,5165.0,67,106054,38,25,6,2,6,63.1,8110,5.7,6.55,109,3244.0,3079,42,0.0,110,0,0,0,0,0,0,1,0,0,0,1,0,0,0.23,0.0,0.0,0.0,0.0
6226,1,0,398640,60,6644.0,74,323870,0,0,0,1,1,100.0,10673,4.7,5.44,100,18782.0,18347,39,0.0,195,0,1,0,0,0,0,1,0,0,0,0,0,1,0.8,0.0,0.0,0.0,0.0
6265,1,2,87360,24,3640.0,5,95616,65,30,4,1,6,51.4,9307,3.8,4.43,118,2616.0,3040,62,69.0,96,1,1,0,1,0,0,0,0,0,0,1,0,0,0.79,0.0,24.0,0.0,174576.0
6273,1,2,87360,24,3640.0,38,85852,41,23,4,2,4,59.8,8965,7.0,8.23,104,2653.0,2822,37,59.0,196,1,1,0,0,0,1,0,0,0,0,1,0,0,1.0,0.0,0.0,0.0,0.0
6289,1,0,85632,48,1784.0,64,197099,29,41,10,2,10,74.7,9624,1.6,2.31,145,4484.0,4265,50,0.0,144,0,1,0,0,0,0,0,0,1,0,1,0,0,0.6,0.0,0.0,0.0,0.0
6353,1,2,79920,60,1332.0,26,170449,0,0,0,1,1,100.0,10787,2.6,3.09,131,6041.0,6261,46,59.0,185,1,1,0,0,0,0,0,0,0,1,1,0,0,0.78,0.0,56.0,0.0,32816.0
6358,1,0,270384,48,5633.0,3,75232,55,26,4,1,5,41.7,8980,1.9,2.21,111,2824.0,2813,37,0.0,139,1,1,0,1,0,0,0,0,0,0,1,0,0,0.6,0.0,39.0,0.0,509964.0
6363,1,3,17508,12,1459.0,74,323870,0,0,0,1,1,100.0,10673,4.7,5.44,100,18782.0,18347,53,49.0,195,1,1,0,0,0,0,1,0,0,0,1,0,0,1.0,0.0,0.0,0.0,0.0
6397,2,0,181020,60,3017.0,48,78955,50,24,8,1,9,59.0,9060,1.7,2.44,124,1655.0,1717,33,0.0,146,0,1,0,0,1,0,0,0,0,0,1,0,0,0.45,0.0,0.0,0.0,0.0
6400,1,0,72408,24,3017.0,31,51313,34,12,3,1,4,59.2,8930,3.5,4.2,108,1328.0,1452,41,0.0,128,0,0,0,0,0,0,0,0,0,1,0,1,0,0.75,29.0,28.0,214484.0,204960.0
6425,1,0,36684,12,3057.0,31,51313,34,12,3,1,4,59.2,8930,3.5,4.2,108,1328.0,1452,21,0.0,205,0,1,0,0,0,0,0,0,0,1,1,0,0,1.0,0.0,52.0,0.0,306300.0
6434,1,0,110136,24,4589.0,1,1204953,0,0,0,1,1,100.0,12541,0.2,0.43,167,85677.0,99107,41,0.0,141,0,1,1,0,0,0,0,0,0,0,1,0,0,1.0,0.0,31.0,0.0,151621.0
6440,1,0,34572,12,2881.0,1,1204953,0,0,0,1,1,100.0,12541,0.2,0.43,167,85677.0,99107,23,0.0,96,0,1,1,0,0,0,0,0,0,0,1,0,0,1.0,0.0,0.0,0.0,0.0
6453,1,0,10944,36,304.0,34,125236,28,11,1,4,5,87.7,9675,6.4,7.68,100,5323.0,5190,48,0.0,104,1,1,0,0,0,1,0,0,0,0,1,0,0,0.19,25.0,25.0,13525.0,37850.0
6461,2,2,150912,36,4192.0,50,102609,75,33,2,3,6,52.0,8187,4.8,5.45,94,2123.0,2134,24,51.0,105,0,1,0,0,1,0,0,0,0,0,1,0,0,0.5,0.0,0.0,0.0,0.0
6472,1,0,43164,12,3597.0,61,117897,139,28,5,1,6,53.8,8814,4.7,5.74,107,2112.0,2059,23,0.0,179,0,1,0,0,0,0,0,0,1,0,1,0,0,1.0,0.0,0.0,0.0,0.0
6473,1,0,76908,12,6409.0,12,107870,84,29,6,1,6,58.0,8754,3.8,4.31,137,3804.0,3868,53,0.0,210,0,0,0,1,0,0,0,0,0,0,1,0,0,0.83,0.0,0.0,0.0,0.0
6495,1,0,104964,12,8747.0,6,77963,60,23,4,2,4,51.5,8546,2.9,4.02,126,2640.0,3120,33,0.0,104,1,1,0,1,0,0,0,0,0,0,1,0,0,0.67,0.0,25.0,0.0,215150.0
6505,1,2,38496,12,3208.0,7,94725,38,28,1,3,6,63.4,9920,2.2,2.87,130,4289.0,4846,35,38.0,69,0,1,0,1,0,0,0,0,0,0,1,0,0,0.25,0.0,0.0,0.0,0.0
6510,1,2,76992,24,3208.0,74,323870,0,0,0,1,1,100.0,10673,4.7,5.44,100,18782.0,18347,34,31.0,92,1,1,0,0,0,0,1,0,0,0,1,0,0,0.83,0.0,0.0,0.0,0.0
6555,1,0,212400,36,5900.0,38,85852,41,23,4,2,4,59.8,8965,7.0,8.23,104,2653.0,2822,33,0.0,207,0,1,0,0,0,1,0,0,0,0,0,0,1,1.0,0.0,0.0,0.0,0.0
6592,1,1,390660,60,6511.0,1,1204953,0,0,0,1,1,100.0,12541,0.2,0.43,167,85677.0,99107,21,51.0,97,0,1,1,0,0,0,0,0,0,0,1,0,0,0.27,0.0,24.0,0.0,258120.0
6609,1,0,60156,36,1671.0,16,93931,74,21,10,1,8,56.9,8427,1.1,1.54,107,1874.0,1913,23,0.0,145,1,0,0,0,0,0,0,1,0,0,1,0,0,0.72,0.0,33.0,0.0,128073.0
6649,1,2,100260,60,1671.0,1,1204953,0,0,0,1,1,100.0,12541,0.2,0.43,167,85677.0,99107,32,73.0,136,1,1,1,0,0,0,0,0,0,0,1,0,0,0.32,0.0,0.0,0.0,0.0
6678,1,0,294384,48,6133.0,54,387570,0,0,0,1,1,100.0,9897,1.6,1.96,140,18721.0,18696,33,0.0,121,0,1,0,0,0,0,0,0,1,0,1,0,0,0.38,0.0,0.0,0.0,0.0
6686,1,0,116496,24,4854.0,61,117897,139,28,5,1,6,53.8,8814,4.7,5.74,107,2112.0,2059,41,0.0,118,1,1,0,0,0,0,0,0,1,0,1,0,0,0.5,0.0,0.0,0.0,0.0
6688,1,0,22968,36,638.0,16,93931,74,21,10,1,8,56.9,8427,1.1,1.54,107,1874.0,1913,49,0.0,107,0,1,0,0,0,0,0,1,0,0,1,0,0,0.72,25.0,26.0,14250.0,45578.0
6699,1,0,127200,48,2650.0,35,88768,10,18,5,1,7,80.5,8867,1.0,1.21,130,3384.0,3620,34,0.0,108,1,1,0,0,0,1,0,0,0,0,1,0,0,0.31,0.0,25.0,0.0,182575.0
6701,1,0,95400,36,2650.0,49,75685,31,28,5,1,9,60.8,8208,1.8,2.26,155,1660.0,2123,28,0.0,206,1,1,0,0,1,0,0,0,0,0,0,0,1,1.0,0.0,0.0,0.0,0.0
6706,1,0,64860,60,1081.0,38,85852,41,23,4,2,4,59.8,8965,7.0,8.23,104,2653.0,2822,20,0.0,91,0,1,0,0,0,1,0,0,0,0,1,0,0,0.1,19.0,20.0,15485.0,39640.0
6715,1,0,137880,60,2298.0,48,78955,50,24,8,1,9,59.0,9060,1.7,2.44,124,1655.0,1717,36,0.0,191,1,0,0,0,1,0,0,0,0,0,0,0,1,0.77,0.0,0.0,0.0,0.0
6738,1,0,37908,12,3159.0,62,145688,22,41,13,2,5,40.7,8544,1.2,1.86,109,2719.0,2906,23,0.0,165,0,1,0,0,0,0,0,0,1,0,1,0,0,1.0,0.0,0.0,0.0,0.0
6792,1,0,17184,12,1432.0,1,1204953,0,0,0,1,1,100.0,12541,0.2,0.43,167,85677.0,99107,55,0.0,110,0,1,1,0,0,0,0,0,0,0,1,0,0,1.0,27.0,27.0,11421.0,95040.0
6856,1,0,124344,36,3454.0,43,161854,73,21,6,1,6,76.3,9425,1.7,2.5,125,4085.0,3891,20,0.0,132,0,1,0,0,1,0,0,0,0,0,1,0,0,0.56,37.0,37.0,257705.0,94609.0
6902,1,0,49320,36,1370.0,60,110643,49,41,4,1,4,51.9,8441,3.4,4.48,115,1879.0,2252,33,0.0,97,1,1,0,0,0,0,0,0,1,0,1,0,0,0.33,0.0,22.0,0.0,82236.0
6922,1,0,139488,24,5812.0,3,75232,55,26,4,1,5,41.7,8980,1.9,2.21,111,2824.0,2813,30,0.0,80,1,1,0,1,0,0,0,0,0,0,0,0,1,0.04,0.0,0.0,0.0,0.0
6924,1,1,194880,48,4060.0,74,323870,0,0,0,1,1,100.0,10673,4.7,5.44,100,18782.0,18347,20,55.0,169,1,1,0,0,0,0,1,0,0,0,1,0,0,0.77,0.0,51.0,0.0,233835.0
6930,1,2,25944,24,1081.0,41,118650,8,8,5,1,3,85.6,9832,3.3,4.48,114,6445.0,5471,39,65.0,192,0,1,0,0,0,1,0,0,0,0,1,0,0,1.0,0.0,0.0,0.0,0.0
6950,2,2,475680,48,9910.0,36,159617,29,19,8,1,9,85.2,9198,3.3,4.28,131,5796.0,6132,33,41.0,97,0,1,0,0,0,1,0,0,0,0,1,0,0,0.46,0.0,22.0,0.0,188342.0
6985,2,0,96768,36,2688.0,38,85852,41,23,4,2,4,59.8,8965,7.0,8.23,104,2653.0,2822,31,0.0,134,0,1,0,0,0,1,0,0,0,0,1,0,0,0.81,0.0,35.0,0.0,460845.0
7045,1,2,288720,48,6015.0,51,121947,37,28,7,3,11,70.5,8541,2.5,2.97,131,3496.0,3839,56,38.0,91,1,1,0,0,1,0,0,0,0,0,1,0,0,0.38,0.0,0.0,0.0,0.0
7049,1,1,495180,60,8253.0,69,42821,4,13,5,1,3,48.4,8173,0.0,7.01,124,0.0,1358,20,36.0,67,0,1,0,0,0,0,1,0,0,0,1,0,0,0.12,0.0,0.0,0.0,0.0
7052,1,0,63972,36,1777.0,55,157042,49,70,18,0,9,33.9,8743,1.8,2.43,111,3659.0,3894,52,0.0,74,1,0,0,0,0,0,0,0,1,0,0,1,0,0.33,0.0,0.0,0.0,0.0
7082,1,0,194160,48,4045.0,57,161954,21,37,20,3,8,48.0,8720,3.7,4.5,116,3729.0,3651,54,0.0,100,0,1,0,0,0,0,0,0,1,0,1,0,0,0.23,23.0,23.0,345.0,146257.0
7099,1,0,234336,48,4882.0,1,1204953,0,0,0,1,1,100.0,12541,0.2,0.43,167,85677.0,99107,28,0.0,102,0,1,1,0,0,0,0,0,0,0,1,0,0,0.15,24.0,24.0,12672.0,5664.0
7123,1,0,47016,12,3918.0,64,197099,29,41,10,2,10,74.7,9624,1.6,2.31,145,4484.0,4265,41,0.0,204,0,1,0,0,0,0,0,0,1,0,0,1,0,1.0,0.0,52.0,0.0,758212.0
7133,2,0,48672,36,1352.0,1,1204953,0,0,0,1,1,100.0,12541,0.2,0.43,167,85677.0,99107,51,0.0,191,0,1,1,0,0,0,0,0,0,0,1,0,0,1.0,59.0,59.0,6785.0,158297.0
7136,1,0,74124,36,2059.0,12,107870,84,29,6,1,6,58.0,8754,3.8,4.31,137,3804.0,3868,60,0.0,143,0,1,0,1,0,0,0,0,0,0,0,0,1,0.75,38.0,38.0,20786.0,41040.0
7156,1,2,49488,24,2062.0,71,161227,5,35,11,4,10,69.7,8678,5.9,5.57,102,4980.0,4595,58,53.0,70,0,1,0,0,0,0,1,0,0,0,1,0,0,0.33,0.0,0.0,0.0,0.0
7176,1,0,203940,60,3399.0,1,1204953,0,0,0,1,1,100.0,12541,0.2,0.43,167,85677.0,99107,45,0.0,93,0,1,1,0,0,0,0,0,0,0,1,0,0,0.22,0.0,20.0,0.0,122200.0
7180,1,0,99744,24,4156.0,7,94725,38,28,1,3,6,63.4,9920,2.2,2.87,130,4289.0,4846,28,0.0,77,0,1,0,1,0,0,0,0,0,0,0,0,1,0.04,0.0,14.0,0.0,113246.0
7181,1,0,49872,12,4156.0,77,148545,8,35,12,3,4,53.5,8909,4.0,5.56,113,3460.0,3590,32,0.0,106,0,1,0,0,0,0,1,0,0,0,0,1,0,0.58,28.0,28.0,448.0,140840.0
7184,1,0,155640,24,6485.0,5,95616,65,30,4,1,6,51.4,9307,3.8,4.43,118,2616.0,3040,56,0.0,138,0,1,0,1,0,0,0,0,0,0,1,0,0,1.0,38.0,38.0,26258.0,130492.0
7190,2,0,63360,60,1056.0,49,75685,31,28,5,1,9,60.8,8208,1.8,2.26,155,1660.0,2123,44,0.0,192,1,1,0,0,1,0,0,0,0,0,1,0,0,0.72,0.0,59.0,0.0,318246.0
7240,2,0,152160,60,2536.0,17,74062,99,15,4,2,7,61.4,8114,2.3,2.62,119,1003.0,1181,51,0.0,112,0,1,0,0,0,0,0,1,0,0,1,0,0,0.18,0.0,27.0,0.0,246672.0
7262,1,0,73260,60,1221.0,70,285387,0,2,8,5,7,89.9,10177,6.6,7.75,81,9878.0,10108,59,0.0,101,0,1,0,0,0,0,1,0,0,0,1,0,0,0.38,0.0,23.0,0.0,43700.0
7274,1,0,49044,12,4087.0,11,75637,35,36,9,0,7,36.5,9622,0.4,0.59,154,3475.0,3529,46,0.0,68,0,1,0,1,0,0,0,0,0,0,1,0,0,0.83,0.0,11.0,0.0,50633.0
7401,2,0,80952,24,3373.0,1,1204953,0,0,0,1,1,100.0,12541,0.2,0.43,167,85677.0,99107,54,0.0,208,1,1,1,0,0,0,0,0,0,0,1,0,0,1.0,0.0,65.0,0.0,472290.0
7418,1,0,30276,12,2523.0,21,103347,87,16,7,1,7,67.0,9104,1.5,2.07,123,2299.0,2354,60,0.0,144,0,0,0,0,0,0,0,1,0,0,1,0,0,0.67,0.0,32.0,0.0,479200.0
7424,1,0,30276,12,2523.0,68,228848,15,40,18,2,6,57.2,9893,4.0,4.72,96,5623.0,5887,37,0.0,104,1,1,0,0,0,0,1,0,0,0,1,0,0,1.0,27.0,27.0,4428.0,184059.0
7437,1,0,110736,48,2307.0,19,51428,50,11,3,1,4,52.7,8402,3.1,3.98,120,999.0,1099,59,0.0,72,0,1,0,0,0,0,0,1,0,0,0,0,1,0.17,12.0,12.0,2736.0,82812.0
7445,1,0,55368,24,2307.0,64,197099,29,41,10,2,10,74.7,9624,1.6,2.31,145,4484.0,4265,60,0.0,206,0,1,0,0,0,0,0,0,1,0,1,0,0,1.0,0.0,0.0,0.0,0.0
7454,1,0,63312,48,1319.0,4,149893,63,29,6,2,6,67.4,9753,4.6,5.05,109,5244.0,5892,43,0.0,203,0,1,0,1,0,0,0,0,0,0,1,0,0,1.0,0.0,63.0,0.0,145278.0
7485,2,0,91200,24,3800.0,39,119895,17,4,3,2,4,89.9,10446,7.3,9.4,90,4947.0,4743,44,0.0,195,0,1,0,0,0,1,0,0,0,0,1,0,0,1.0,0.0,60.0,0.0,616740.0
7523,1,0,288468,36,8013.0,63,86513,38,36,5,1,5,50.5,8288,3.7,4.52,110,1562.0,1460,41,0.0,162,0,1,0,0,0,0,0,0,1,0,1,0,0,1.0,0.0,48.0,0.0,345500.0
7542,1,0,590820,60,9847.0,54,387570,0,0,0,1,1,100.0,9897,1.6,1.96,140,18721.0,18696,32,0.0,110,1,1,0,0,0,0,0,0,1,0,1,0,0,0.23,0.0,26.0,0.0,95758.0
7546,1,0,41952,12,3496.0,43,161854,73,21,6,1,6,76.3,9425,1.7,2.5,125,4085.0,3891,27,0.0,162,1,1,0,0,1,0,0,0,0,0,1,0,0,1.0,48.0,48.0,2352.0,185328.0
7559,1,0,12792,12,1066.0,56,124605,11,42,14,1,8,46.0,8772,4.6,4.98,126,2854.0,3158,26,0.0,79,0,1,0,0,0,0,0,0,1,0,1,0,0,0.5,0.0,14.0,0.0,57568.0
7562,1,0,309600,48,6450.0,72,226122,32,50,7,4,4,62.6,8994,3.8,4.79,110,9672.0,9208,24,0.0,150,1,1,0,0,0,0,1,0,0,0,0,0,1,0.75,0.0,0.0,0.0,0.0
7565,1,0,153504,48,3198.0,59,108871,41,29,7,2,6,62.1,8444,3.2,3.47,106,2595.0,2305,24,0.0,114,1,1,0,0,0,0,0,0,1,0,1,0,0,0.33,0.0,29.0,0.0,192821.0
7594,1,0,130464,48,2718.0,16,93931,74,21,10,1,8,56.9,8427,1.1,1.54,107,1874.0,1913,25,0.0,117,1,1,0,0,0,0,0,1,0,0,1,0,0,0.27,29.0,29.0,39063.0,66758.0
7606,1,0,191880,60,3198.0,21,103347,87,16,7,1,7,67.0,9104,1.5,2.07,123,2299.0,2354,50,0.0,146,1,1,0,0,0,0,0,1,0,0,1,0,0,0.62,0.0,44.0,0.0,187792.0
7607,2,0,31728,24,1322.0,1,1204953,0,0,0,1,1,100.0,12541,0.2,0.43,167,85677.0,99107,49,0.0,192,1,1,1,0,0,0,0,0,0,0,1,0,0,1.0,0.0,59.0,0.0,355180.0
7614,2,2,320592,48,6679.0,62,145688,22,41,13,2,5,40.7,8544,1.2,1.86,109,2719.0,2906,29,117.0,148,0,1,0,0,0,0,0,0,1,0,1,0,0,0.65,0.0,0.0,0.0,0.0
7632,2,0,170448,48,3551.0,68,228848,15,40,18,2,6,57.2,9893,4.0,4.72,96,5623.0,5887,56,0.0,99,0,1,0,0,0,0,1,0,0,0,1,0,0,0.25,0.0,22.0,0.0,211838.0
7636,1,0,42384,12,3532.0,40,128118,9,16,6,3,8,85.3,9317,6.4,7.07,97,6949.0,6872,58,0.0,98,0,1,0,0,0,1,0,0,0,0,1,0,0,0.92,0.0,24.0,0.0,73848.0
7637,2,1,390096,48,8127.0,46,112709,48,20,7,3,10,73.5,8369,1.7,2.31,117,2854.0,2618,21,45.0,102,1,1,0,0,1,0,0,0,0,0,1,0,0,0.48,0.0,23.0,0.0,216131.0
7674,1,0,94488,24,3937.0,1,1204953,0,0,0,1,1,100.0,12541,0.2,0.43,167,85677.0,99107,41,0.0,104,1,1,1,0,0,0,0,0,0,0,1,0,0,0.88,0.0,27.0,0.0,39879.0
7713,1,0,220440,60,3674.0,50,102609,75,33,2,3,6,52.0,8187,4.8,5.45,94,2123.0,2134,44,0.0,109,0,1,0,0,1,0,0,0,0,0,0,0,1,0.17,0.0,16.0,0.0,134688.0
7721,1,2,45456,12,3788.0,13,53921,61,22,1,1,2,41.3,8598,2.7,3.26,123,1597.0,1875,52,33.0,75,0,1,0,1,0,0,0,0,0,0,1,0,0,0.58,0.0,0.0,0.0,0.0
7733,1,2,140064,24,5836.0,19,51428,50,11,3,1,4,52.7,8402,3.1,3.98,120,999.0,1099,49,45.0,105,0,1,0,0,0,0,0,1,0,0,0,0,1,0.33,0.0,0.0,0.0,0.0
7745,1,2,77544,36,2154.0,2,88884,80,26,6,2,5,46.7,8507,1.6,1.85,132,2159.0,2674,57,42.0,93,0,1,0,1,0,0,0,0,0,0,1,0,0,0.33,0.0,20.0,0.0,203200.0
7753,1,2,51696,24,2154.0,74,323870,0,0,0,1,1,100.0,10673,4.7,5.44,100,18782.0,18347,31,187.0,209,0,1,0,0,0,0,1,0,0,0,1,0,0,1.04,0.0,0.0,0.0,0.0
7765,1,0,27984,12,2332.0,52,139012,59,41,8,3,10,61.9,8363,2.5,3.49,108,2564.0,2799,50,0.0,166,1,1,0,0,1,0,0,0,0,0,0,0,1,1.0,0.0,46.0,0.0,377982.0
7769,1,0,196080,48,4085.0,23,87419,21,11,4,3,9,85.5,8624,1.7,2.66,102,2879.0,3198,41,0.0,190,1,1,0,0,0,0,0,0,0,1,1,0,0,1.0,0.0,0.0,0.0,0.0
7795,2,3,372120,60,6202.0,64,197099,29,41,10,2,10,74.7,9624,1.6,2.31,145,4484.0,4265,54,38.0,151,1,1,0,0,0,0,0,0,1,0,1,0,0,0.43,0.0,0.0,0.0,0.0
7815,2,0,189696,24,7904.0,19,51428,50,11,3,1,4,52.7,8402,3.1,3.98,120,999.0,1099,54,0.0,143,1,1,0,0,0,0,0,1,0,0,0,0,1,1.0,44.0,44.0,96668.0,64900.0
7819,1,0,20832,48,434.0,38,85852,41,23,4,2,4,59.8,8965,7.0,8.23,104,2653.0,2822,51,0.0,195,1,1,0,0,0,1,0,0,0,0,1,0,0,0.98,60.0,60.0,77760.0,117180.0
7824,1,0,189696,24,7904.0,60,110643,49,41,4,1,4,51.9,8441,3.4,4.48,115,1879.0,2252,29,0.0,171,0,0,0,0,0,0,0,0,1,0,1,0,0,0.46,0.0,39.0,0.0,84084.0
7844,1,0,91584,24,3816.0,1,1204953,0,0,0,1,1,100.0,12541,0.2,0.43,167,85677.0,99107,48,0.0,185,0,1,1,0,0,0,0,0,0,0,1,0,0,1.0,0.0,0.0,0.0,0.0
7857,1,0,68112,12,5676.0,75,138032,67,30,4,2,5,64.6,8819,5.3,5.66,99,4063.0,4505,22,0.0,195,0,1,0,0,0,0,1,0,0,0,1,0,0,1.0,61.0,60.0,8357.0,489420.0
7859,2,3,72120,12,6010.0,52,139012,59,41,8,3,10,61.9,8363,2.5,3.49,108,2564.0,2799,47,77.0,146,0,1,0,0,1,0,0,0,0,0,1,0,0,1.0,0.0,0.0,0.0,0.0
7861,1,2,21852,36,607.0,34,125236,28,11,1,4,5,87.7,9675,6.4,7.68,100,5323.0,5190,45,96.0,142,1,1,0,0,0,1,0,0,0,0,1,0,0,1.0,39.0,39.0,1014.0,327600.0
7890,1,0,79344,48,1653.0,23,87419,21,11,4,3,9,85.5,8624,1.7,2.66,102,2879.0,3198,48,0.0,114,0,1,0,0,0,0,0,0,0,1,1,0,0,0.29,0.0,29.0,0.0,124816.0
7894,1,2,153144,36,4254.0,27,67298,71,19,10,0,7,43.8,8561,0.6,1.29,110,1029.0,1127,30,96.0,113,1,1,0,0,0,0,0,0,0,1,1,0,0,0.39,0.0,32.0,0.0,152960.0
7907,2,0,97392,12,8116.0,70,285387,0,2,8,5,7,89.9,10177,6.6,7.75,81,9878.0,10108,39,0.0,104,1,1,0,0,0,0,1,0,0,0,1,0,0,1.0,0.0,26.0,0.0,164502.0
7926,1,0,84120,24,3505.0,69,42821,4,13,5,1,3,48.4,8173,0.0,7.01,124,0.0,1358,49,0.0,108,0,1,0,0,0,0,1,0,0,0,0,0,1,1.0,0.0,0.0,0.0,0.0
7957,2,2,42900,12,3575.0,51,121947,37,28,7,3,11,70.5,8541,2.5,2.97,131,3496.0,3839,35,66.0,131,1,1,0,0,1,0,0,0,0,0,1,0,0,1.0,0.0,36.0,0.0,221904.0
7965,2,0,71460,12,5955.0,55,157042,49,70,18,0,9,33.9,8743,1.8,2.43,111,3659.0,3894,54,0.0,187,1,1,0,0,0,0,0,0,1,0,1,0,0,1.0,0.0,55.0,0.0,399740.0
7966,1,0,473280,60,7888.0,54,387570,0,0,0,1,1,100.0,9897,1.6,1.96,140,18721.0,18696,32,0.0,91,0,0,0,0,0,0,0,0,1,0,1,0,0,0.22,0.0,0.0,0.0,0.0
7990,1,0,144960,48,3020.0,9,81344,61,23,4,2,6,55.3,8899,3.3,3.97,149,2987.0,2487,32,0.0,101,0,1,0,1,0,0,0,0,0,0,1,0,0,0.17,0.0,25.0,0.0,178950.0
7997,1,0,160656,24,6694.0,10,92084,55,29,4,3,5,46.7,10124,0.5,0.54,141,3810.0,4316,29,0.0,112,0,1,0,1,0,0,0,0,0,0,1,0,0,0.46,0.0,0.0,0.0,0.0
8026,1,2,128268,36,3563.0,36,159617,29,19,8,1,9,85.2,9198,3.3,4.28,131,5796.0,6132,57,62.0,84,1,1,0,0,0,1,0,0,0,0,1,0,0,0.44,0.0,0.0,0.0,0.0
8027,1,0,77640,12,6470.0,44,105606,77,26,7,2,7,53.0,8254,2.7,3.76,97,2166.0,2325,32,0.0,197,1,1,0,0,1,0,0,0,0,0,0,0,1,1.0,0.0,0.0,0.0,0.0
8038,1,2,35856,24,1494.0,47,162580,83,26,5,1,6,72.8,9538,1.5,1.81,111,6079.0,5410,32,40.0,102,0,1,0,0,1,0,0,0,0,0,1,0,0,0.46,0.0,23.0,0.0,119945.0
8039,1,2,93600,24,3900.0,9,81344,61,23,4,2,6,55.3,8899,3.3,3.97,149,2987.0,2487,27,38.0,122,1,1,0,1,0,0,0,0,0,0,1,0,0,1.0,31.0,31.0,100161.0,33294.0
8041,1,2,140400,36,3900.0,1,1204953,0,0,0,1,1,100.0,12541,0.2,0.43,167,85677.0,99107,58,70.0,189,1,1,1,0,0,0,0,0,0,0,1,0,0,1.0,0.0,0.0,0.0,0.0
8051,2,0,208320,48,4340.0,1,1204953,0,0,0,1,1,100.0,12541,0.2,0.43,167,85677.0,99107,31,0.0,209,0,1,1,0,0,0,0,0,0,0,0,0,1,1.0,0.0,0.0,0.0,0.0
8073,1,0,49320,12,4110.0,24,122603,25,21,6,2,8,80.0,8991,1.3,2.01,128,5198.0,5273,54,0.0,192,0,0,0,0,0,0,0,0,0,1,0,1,0,0.92,0.0,62.0,0.0,43090.0
8085,1,0,260400,60,4340.0,73,182027,17,49,12,2,7,56.4,8746,3.3,3.74,90,4355.0,4433,49,0.0,113,0,0,0,0,0,0,1,0,0,0,1,0,0,0.18,0.0,30.0,0.0,27480.0
8092,1,0,56100,60,935.0,54,387570,0,0,0,1,1,100.0,9897,1.6,1.96,140,18721.0,18696,41,0.0,151,1,1,0,0,0,0,0,0,1,0,1,0,0,0.57,0.0,43.0,0.0,267288.0
8094,1,0,220428,36,6123.0,67,106054,38,25,6,2,6,63.1,8110,5.7,6.55,109,3244.0,3079,37,0.0,94,1,1,0,0,0,0,1,0,0,0,1,0,0,0.56,0.0,21.0,0.0,118965.0
8114,1,0,99300,60,1655.0,59,108871,41,29,7,2,6,62.1,8444,3.2,3.47,106,2595.0,2305,26,0.0,128,0,1,0,0,0,0,0,0,1,0,1,0,0,0.27,0.0,34.0,0.0,202572.0
8127,2,2,155880,24,6495.0,37,114006,71,26,6,2,9,62.3,9065,4.4,5.39,123,4147.0,4166,31,37.0,158,0,1,0,0,0,1,0,0,0,0,1,0,0,1.0,0.0,45.0,0.0,373725.0
8129,1,2,74736,36,2076.0,45,77917,85,19,6,1,5,53.5,8390,2.2,2.89,132,2080.0,2122,34,89.0,198,1,1,0,0,1,0,0,0,0,0,1,0,0,1.0,0.0,61.0,0.0,377224.0
8158,1,0,238716,36,6631.0,48,78955,50,24,8,1,9,59.0,9060,1.7,2.44,124,1655.0,1717,35,0.0,107,1,1,0,0,1,0,0,0,0,0,0,0,1,0.39,0.0,25.0,0.0,238450.0
8159,2,0,29784,24,1241.0,26,170449,0,0,0,1,1,100.0,10787,2.6,3.09,131,6041.0,6261,30,0.0,148,0,1,0,0,0,0,0,0,0,1,1,0,0,1.0,0.0,42.0,0.0,127428.0
8169,1,0,97980,60,1633.0,29,45714,52,10,5,1,6,55.6,8843,2.8,3.6,113,818.0,888,19,0.0,124,0,1,0,0,0,0,0,0,0,1,1,0,0,0.28,0.0,32.0,0.0,68736.0
8173,2,1,80340,12,6695.0,11,75637,35,36,9,0,7,36.5,9622,0.4,0.59,154,3475.0,3529,23,144.0,197,0,1,0,1,0,0,0,0,0,0,1,0,0,1.0,0.0,0.0,0.0,0.0
8225,1,0,36204,12,3017.0,50,102609,75,33,2,3,6,52.0,8187,4.8,5.45,94,2123.0,2134,61,0.0,93,1,0,0,0,1,0,0,0,0,0,1,0,0,0.67,0.0,0.0,0.0,0.0
8260,2,1,224604,36,6239.0,31,51313,34,12,3,1,4,59.2,8930,3.5,4.2,108,1328.0,1452,23,139.0,206,1,1,0,0,0,0,0,0,0,1,1,0,0,1.0,0.0,0.0,0.0,0.0
8261,2,0,87840,24,3660.0,13,53921,61,22,1,1,2,41.3,8598,2.7,3.26,123,1597.0,1875,19,0.0,202,0,1,0,1,0,0,0,0,0,0,1,0,0,1.0,63.0,63.0,40698.0,120645.0
8268,1,0,8616,24,359.0,59,108871,41,29,7,2,6,62.1,8444,3.2,3.47,106,2595.0,2305,24,0.0,99,1,1,0,0,0,0,0,0,1,0,1,0,0,0.62,0.0,22.0,0.0,43978.0
8316,1,0,134784,24,5616.0,70,285387,0,2,8,5,7,89.9,10177,6.6,7.75,81,9878.0,10108,59,0.0,169,0,1,0,0,0,0,1,0,0,0,1,0,0,1.0,0.0,0.0,0.0,0.0
8320,2,0,309660,60,5161.0,51,121947,37,28,7,3,11,70.5,8541,2.5,2.97,131,3496.0,3839,41,0.0,89,0,1,0,0,1,0,0,0,0,0,1,0,0,0.32,0.0,19.0,0.0,172995.0
8321,2,0,89040,60,1484.0,77,148545,8,35,12,3,4,53.5,8909,4.0,5.56,113,3460.0,3590,29,0.0,204,0,1,0,0,0,0,1,0,0,0,1,0,0,0.93,0.0,64.0,0.0,450624.0
8327,1,1,247728,48,5161.0,1,1204953,0,0,0,1,1,100.0,12541,0.2,0.43,167,85677.0,99107,20,102.0,133,1,1,1,0,0,0,0,0,0,0,0,0,1,0.71,0.0,36.0,0.0,147744.0
8330,2,0,7656,24,319.0,48,78955,50,24,8,1,9,59.0,9060,1.7,2.44,124,1655.0,1717,37,0.0,205,0,1,0,0,1,0,0,0,0,0,1,0,0,1.0,0.0,65.0,0.0,241020.0
8377,2,0,417060,60,6951.0,29,45714,52,10,5,1,6,55.6,8843,2.8,3.6,113,818.0,888,38,0.0,186,0,1,0,0,0,0,0,0,0,1,1,0,0,0.72,0.0,47.0,0.0,55084.0
8381,1,0,333648,48,6951.0,14,177686,69,27,10,1,9,74.8,10045,1.4,1.71,135,6604.0,6295,23,0.0,100,0,0,0,0,0,0,0,1,0,0,1,0,0,0.29,0.0,24.0,0.0,17760.0
8405,1,0,266220,60,4437.0,20,70646,94,14,3,1,4,58.4,8547,2.6,3.64,120,1563.0,1542,34,0.0,171,0,1,0,0,0,0,0,1,0,0,1,0,0,0.63,51.0,51.0,170544.0,20910.0
8411,1,0,220620,60,3677.0,20,70646,94,14,3,1,4,58.4,8547,2.6,3.64,120,1563.0,1542,56,0.0,154,0,1,0,0,0,0,0,1,0,0,1,0,0,0.53,0.0,44.0,0.0,255728.0
8475,1,0,21072,24,878.0,4,149893,63,29,6,2,6,67.4,9753,4.6,5.05,109,5244.0,5892,35,0.0,192,0,1,0,1,0,0,0,0,0,0,1,0,0,1.0,0.0,59.0,0.0,29205.0
8489,2,0,265320,36,7370.0,19,51428,50,11,3,1,4,52.7,8402,3.1,3.98,120,999.0,1099,51,0.0,191,0,1,0,0,0,0,0,1,0,0,1,0,0,1.0,0.0,59.0,0.0,226265.0
8492,1,2,85860,60,1431.0,2,88884,80,26,6,2,5,46.7,8507,1.6,1.85,132,2159.0,2674,44,104.0,167,0,1,0,1,0,0,0,0,0,0,1,0,0,0.67,0.0,49.0,0.0,215747.0
8505,1,0,42840,12,3570.0,70,285387,0,2,8,5,7,89.9,10177,6.6,7.75,81,9878.0,10108,62,0.0,84,1,1,0,0,0,0,1,0,0,0,1,0,0,1.0,0.0,0.0,0.0,0.0
8519,2,0,74688,12,6224.0,23,87419,21,11,4,3,9,85.5,8624,1.7,2.66,102,2879.0,3198,54,0.0,205,0,1,0,0,0,0,0,0,0,1,1,0,0,1.08,0.0,64.0,0.0,877504.0
8523,1,0,93036,12,7753.0,54,387570,0,0,0,1,1,100.0,9897,1.6,1.96,140,18721.0,18696,19,0.0,94,0,1,0,0,0,0,0,0,1,0,1,0,0,0.83,0.0,0.0,0.0,0.0
8533,1,2,174048,48,3626.0,47,162580,83,26,5,1,6,72.8,9538,1.5,1.81,111,6079.0,5410,47,65.0,128,0,1,0,0,1,0,0,0,0,0,1,0,0,0.56,0.0,0.0,0.0,0.0
8547,1,2,173016,36,4806.0,14,177686,69,27,10,1,9,74.8,10045,1.4,1.71,135,6604.0,6295,54,73.0,135,0,1,0,0,0,0,0,1,0,0,0,0,1,0.86,0.0,0.0,0.0,0.0
8558,1,0,288360,60,4806.0,1,1204953,0,0,0,1,1,100.0,12541,0.2,0.43,167,85677.0,99107,64,0.0,177,1,1,1,0,0,0,0,0,0,0,0,1,0,0.9,0.0,0.0,0.0,0.0
8564,2,0,76680,24,3195.0,68,228848,15,40,18,2,6,57.2,9893,4.0,4.72,96,5623.0,5887,50,0.0,191,1,1,0,0,0,0,1,0,0,0,1,0,0,1.04,0.0,59.0,0.0,423030.0
8566,1,0,230220,36,6395.0,74,323870,0,0,0,1,1,100.0,10673,4.7,5.44,100,18782.0,18347,57,0.0,189,0,0,0,0,0,0,1,0,0,0,1,0,0,0.5,0.0,60.0,0.0,33300.0
8625,1,2,47304,24,1971.0,64,197099,29,41,10,2,10,74.7,9624,1.6,2.31,145,4484.0,4265,28,117.0,186,1,1,0,0,0,0,0,0,1,0,1,0,0,1.0,0.0,59.0,0.0,480909.0
8639,1,0,185640,60,3094.0,46,112709,48,20,7,3,10,73.5,8369,1.7,2.31,117,2854.0,2618,37,0.0,71,0,1,0,0,1,0,0,0,0,0,1,0,0,0.12,0.0,0.0,0.0,0.0
8645,1,0,240900,60,4015.0,60,110643,49,41,4,1,4,51.9,8441,3.4,4.48,115,1879.0,2252,50,0.0,76,0,1,0,0,0,0,0,0,1,0,1,0,0,0.02,0.0,13.0,0.0,115947.0
8680,2,0,85716,36,2381.0,17,74062,99,15,4,2,7,61.4,8114,2.3,2.62,119,1003.0,1181,61,0.0,118,1,1,0,0,0,0,0,1,0,0,1,0,0,0.81,0.0,29.0,0.0,104342.0
8688,1,0,67980,12,5665.0,66,125832,151,41,2,3,5,48.3,8512,3.5,4.12,102,2247.0,2103,53,0.0,94,0,1,0,0,0,0,0,0,1,0,1,0,0,1.0,0.0,0.0,0.0,0.0
8713,1,0,170700,60,2845.0,53,107911,88,33,6,2,7,50.9,8240,2.5,3.56,99,1850.0,1903,28,0.0,79,1,1,0,0,0,0,0,0,1,0,1,0,0,0.08,0.0,0.0,0.0,0.0
8742,2,0,33144,12,2762.0,70,285387,0,2,8,5,7,89.9,10177,6.6,7.75,81,9878.0,10108,19,0.0,88,0,1,0,0,0,0,1,0,0,0,1,0,0,1.0,18.0,18.0,109602.0,1224.0
8772,1,0,88272,48,1839.0,1,1204953,0,0,0,1,1,100.0,12541,0.2,0.43,167,85677.0,99107,20,0.0,110,0,1,1,0,0,0,0,0,0,0,1,0,0,0.38,0.0,27.0,0.0,198639.0
8776,1,0,33984,48,708.0,64,197099,29,41,10,2,10,74.7,9624,1.6,2.31,145,4484.0,4265,27,0.0,162,1,1,0,0,0,0,0,0,1,0,1,0,0,0.83,0.0,0.0,0.0,0.0
8784,1,0,74352,24,3098.0,1,1204953,0,0,0,1,1,100.0,12541,0.2,0.43,167,85677.0,99107,42,0.0,97,0,1,1,0,0,0,0,0,0,0,1,0,0,0.33,0.0,21.0,0.0,149037.0
8899,1,0,125340,60,2089.0,1,1204953,0,0,0,1,1,100.0,12541,0.2,0.43,167,85677.0,99107,55,0.0,161,1,1,1,0,0,0,0,0,0,0,0,0,1,0.6,0.0,49.0,0.0,181937.0
8919,2,0,76104,24,3171.0,62,145688,22,41,13,2,5,40.7,8544,1.2,1.86,109,2719.0,2906,38,0.0,75,0,1,0,0,0,0,0,0,1,0,1,0,0,0.29,0.0,14.0,0.0,2324.0
8926,2,0,566640,60,9444.0,1,1204953,0,0,0,1,1,100.0,12541,0.2,0.43,167,85677.0,99107,27,0.0,84,0,1,1,0,0,0,0,0,0,0,1,0,0,0.18,17.0,17.0,19414.0,66504.0
8931,1,2,186300,60,3105.0,63,86513,38,36,5,1,5,50.5,8288,3.7,4.52,110,1562.0,1460,52,30.0,121,1,1,0,0,0,0,0,0,1,0,0,0,1,0.38,0.0,32.0,0.0,55968.0
8972,1,0,45024,48,938.0,70,285387,0,2,8,5,7,89.9,10177,6.6,7.75,81,9878.0,10108,42,0.0,109,0,1,0,0,0,0,1,0,0,0,1,0,0,0.5,0.0,27.0,0.0,127413.0
8982,2,0,227880,36,6330.0,64,197099,29,41,10,2,10,74.7,9624,1.6,2.31,145,4484.0,4265,44,0.0,190,0,1,0,0,0,0,0,0,1,0,1,0,0,1.03,0.0,0.0,0.0,0.0
9006,1,0,186384,48,3883.0,40,128118,9,16,6,3,8,85.3,9317,6.4,7.07,97,6949.0,6872,40,0.0,162,1,1,0,0,0,1,0,0,0,0,0,0,1,0.62,0.0,50.0,0.0,227050.0
9017,1,0,100224,48,2088.0,70,285387,0,2,8,5,7,89.9,10177,6.6,7.75,81,9878.0,10108,42,0.0,125,0,0,0,0,0,0,1,0,0,0,1,0,0,0.62,0.0,30.0,0.0,340400.0
9024,1,0,70656,48,1472.0,1,1204953,0,0,0,1,1,100.0,12541,0.2,0.43,167,85677.0,99107,47,0.0,121,1,1,1,0,0,0,0,0,0,0,1,0,0,0.56,0.0,31.0,0.0,194370.0
9030,2,0,155616,48,3242.0,72,226122,32,50,7,4,4,62.6,8994,3.8,4.79,110,9672.0,9208,28,0.0,150,0,1,0,0,0,0,1,0,0,0,1,0,0,0.52,0.0,43.0,0.0,111241.0
9031,1,0,50112,24,2088.0,47,162580,83,26,5,1,6,72.8,9538,1.5,1.81,111,6079.0,5410,51,0.0,90,1,1,0,0,1,0,0,0,0,0,1,0,0,0.79,19.0,19.0,12255.0,80332.0
9034,1,0,38148,12,3179.0,1,1204953,0,0,0,1,1,100.0,12541,0.2,0.43,167,85677.0,99107,34,0.0,198,0,1,1,0,0,0,0,0,0,0,1,0,0,1.0,62.0,61.0,565130.0,286517.0
9037,2,0,321936,48,6707.0,1,1204953,0,0,0,1,1,100.0,12541,0.2,0.43,167,85677.0,99107,38,0.0,97,0,1,1,0,0,0,0,0,0,0,1,0,0,0.06,0.0,21.0,0.0,71736.0
9052,1,0,71976,24,2999.0,43,161854,73,21,6,1,6,76.3,9425,1.7,2.5,125,4085.0,3891,34,0.0,132,1,0,0,0,1,0,0,0,0,0,0,1,0,0.88,0.0,34.0,0.0,450100.0
9093,1,2,189300,60,3155.0,47,162580,83,26,5,1,6,72.8,9538,1.5,1.81,111,6079.0,5410,46,98.0,199,1,1,0,0,1,0,0,0,0,0,1,0,0,0.88,0.0,62.0,0.0,81282.0
9104,1,0,172080,48,3585.0,10,92084,55,29,4,3,5,46.7,10124,0.5,0.54,141,3810.0,4316,42,0.0,180,0,1,0,1,0,0,0,0,0,0,1,0,0,1.0,0.0,0.0,0.0,0.0
9138,1,0,272220,60,4537.0,26,170449,0,0,0,1,1,100.0,10787,2.6,3.09,131,6041.0,6261,53,0.0,105,0,0,0,0,0,0,0,0,0,1,1,0,0,0.27,0.0,23.0,0.0,218937.0
9140,1,0,16032,48,334.0,32,105058,32,19,7,2,10,81.0,9272,2.8,3.22,118,4340.0,4505,34,0.0,72,0,1,0,0,0,1,0,0,0,0,1,0,0,0.04,12.0,12.0,672.0,111168.0
9153,2,0,52236,36,1451.0,9,81344,61,23,4,2,6,55.3,8899,3.3,3.97,149,2987.0,2487,61,0.0,92,1,1,0,1,0,0,0,0,0,0,1,0,0,0.28,0.0,20.0,0.0,100840.0
9156,1,0,163332,36,4537.0,18,70699,60,13,2,1,4,65.3,8968,2.8,3.35,131,1740.0,1910,62,0.0,69,1,1,0,0,0,0,0,1,0,0,1,0,0,0.03,0.0,0.0,0.0,0.0
9159,2,0,69600,48,1450.0,64,197099,29,41,10,2,10,74.7,9624,1.6,2.31,145,4484.0,4265,30,0.0,103,1,1,0,0,0,0,0,0,1,0,1,0,0,0.15,25.0,25.0,6325.0,171725.0
9167,1,0,272220,60,4537.0,56,124605,11,42,14,1,8,46.0,8772,4.6,4.98,126,2854.0,3158,59,0.0,83,0,1,0,0,0,0,0,0,1,0,1,0,0,0.17,15.0,15.0,8175.0,74250.0
9179,1,0,215040,60,3584.0,28,72541,66,26,10,0,8,36.9,8594,1.6,2.01,112,1580.0,1525,39,0.0,89,0,1,0,0,0,0,0,0,0,1,1,0,0,0.17,0.0,0.0,0.0,0.0
9188,1,0,127080,60,2118.0,45,77917,85,19,6,1,5,53.5,8390,2.2,2.89,132,2080.0,2122,63,0.0,209,1,1,0,0,1,0,0,0,0,0,1,0,0,1.0,66.0,66.0,4356.0,523776.0
9199,1,0,29448,12,2454.0,72,226122,32,50,7,4,4,62.6,8994,3.8,4.79,110,9672.0,9208,52,0.0,110,1,0,0,0,0,0,1,0,0,0,1,0,0,0.92,0.0,0.0,0.0,0.0
9201,1,0,122472,24,5103.0,69,42821,4,13,5,1,3,48.4,8173,0.0,7.01,124,0.0,1358,38,0.0,96,0,1,0,0,0,0,1,0,0,0,1,0,0,0.46,0.0,22.0,0.0,296142.0
9208,1,0,82128,24,3422.0,29,45714,52,10,5,1,6,55.6,8843,2.8,3.6,113,818.0,888,30,0.0,79,1,1,0,0,0,0,0,0,0,1,1,0,0,0.04,0.0,0.0,0.0,0.0
9225,2,0,164256,48,3422.0,11,75637,35,36,9,0,7,36.5,9622,0.4,0.59,154,3475.0,3529,27,0.0,121,1,1,0,1,0,0,0,0,0,0,1,0,0,0.42,0.0,0.0,0.0,0.0
9227,1,0,191580,60,3193.0,51,121947,37,28,7,3,11,70.5,8541,2.5,2.97,131,3496.0,3839,33,0.0,65,0,1,0,0,1,0,0,0,0,0,1,0,0,0.13,0.0,10.0,0.0,17840.0
9235,1,2,83280,48,1735.0,37,114006,71,26,6,2,9,62.3,9065,4.4,5.39,123,4147.0,4166,58,40.0,137,0,1,0,0,0,1,0,0,0,0,1,0,0,0.44,0.0,0.0,0.0,0.0
9236,1,0,86616,12,7218.0,11,75637,35,36,9,0,7,36.5,9622,0.4,0.59,154,3475.0,3529,38,0.0,193,1,1,0,1,0,0,0,0,0,0,1,0,0,1.0,0.0,60.0,0.0,134340.0
9241,2,0,285240,60,4754.0,74,323870,0,0,0,1,1,100.0,10673,4.7,5.44,100,18782.0,18347,47,0.0,99,1,1,0,0,0,0,1,0,0,0,1,0,0,0.3,0.0,22.0,0.0,79090.0
9242,1,0,23184,12,1932.0,57,161954,21,37,20,3,8,48.0,8720,3.7,4.5,116,3729.0,3651,20,0.0,115,0,1,0,0,0,0,0,0,1,0,1,0,0,1.0,0.0,0.0,0.0,0.0
9263,2,0,39576,12,3298.0,68,228848,15,40,18,2,6,57.2,9893,4.0,4.72,96,5623.0,5887,35,0.0,108,0,1,0,0,0,0,1,0,0,0,1,0,0,1.0,0.0,26.0,0.0,256724.0
9265,1,1,39576,12,3298.0,1,1204953,0,0,0,1,1,100.0,12541,0.2,0.43,167,85677.0,99107,19,113.0,210,0,1,1,0,0,0,0,0,0,0,1,0,0,1.08,0.0,65.0,0.0,617045.0
9307,1,0,41904,12,3492.0,68,228848,15,40,18,2,6,57.2,9893,4.0,4.72,96,5623.0,5887,25,0.0,211,1,1,0,0,0,0,1,0,0,0,1,0,0,1.0,0.0,66.0,0.0,307164.0
9337,1,2,52128,24,2172.0,30,94812,15,13,8,2,10,81.8,9650,3.3,3.67,100,2985.0,2804,40,126.0,191,0,1,0,0,0,0,0,0,0,1,1,0,0,1.0,0.0,0.0,0.0,0.0
9353,2,0,188616,24,7859.0,59,108871,41,29,7,2,6,62.1,8444,3.2,3.47,106,2595.0,2305,61,0.0,126,1,1,0,0,0,0,0,0,1,0,1,0,0,0.79,0.0,22.0,0.0,225280.0
9377,1,2,99936,24,4164.0,1,1204953,0,0,0,1,1,100.0,12541,0.2,0.43,167,85677.0,99107,33,62.0,130,0,1,1,0,0,0,0,0,0,0,1,0,0,0.83,0.0,34.0,0.0,93772.0
9403,1,0,120888,36,3358.0,1,1204953,0,0,0,1,1,100.0,12541,0.2,0.43,167,85677.0,99107,55,0.0,205,0,1,1,0,0,0,0,0,0,0,0,0,1,1.0,0.0,65.0,0.0,209625.0
9422,1,2,86184,12,7182.0,70,285387,0,2,8,5,7,89.9,10177,6.6,7.75,81,9878.0,10108,59,91.0,116,0,1,0,0,0,0,1,0,0,0,1,0,0,1.0,0.0,29.0,0.0,3103.0
9424,1,0,83628,36,2323.0,54,387570,0,0,0,1,1,100.0,9897,1.6,1.96,140,18721.0,18696,22,0.0,91,0,1,0,0,0,0,0,0,1,0,1,0,0,0.44,0.0,0.0,0.0,0.0
9433,1,0,44640,24,1860.0,59,108871,41,29,7,2,6,62.1,8444,3.2,3.47,106,2595.0,2305,42,0.0,72,1,1,0,0,0,0,0,0,1,0,1,0,0,0.12,0.0,0.0,0.0,0.0
9455,2,0,374760,60,6246.0,73,182027,17,49,12,2,7,56.4,8746,3.3,3.74,90,4355.0,4433,48,0.0,96,1,1,0,0,0,0,1,0,0,0,1,0,0,0.18,21.0,22.0,163653.0,61358.0
9472,1,0,36396,12,3033.0,1,1204953,0,0,0,1,1,100.0,12541,0.2,0.43,167,85677.0,99107,27,0.0,197,1,1,1,0,0,0,0,0,0,0,0,0,1,1.0,0.0,60.0,0.0,307140.0
9491,1,1,225504,48,4698.0,7,94725,38,28,1,3,6,63.4,9920,2.2,2.87,130,4289.0,4846,19,68.0,103,1,1,0,1,0,0,0,0,0,0,0,0,1,0.12,24.0,24.0,20928.0,112896.0
9493,1,0,188688,48,3931.0,64,197099,29,41,10,2,10,74.7,9624,1.6,2.31,145,4484.0,4265,34,0.0,144,0,1,0,0,0,0,0,0,1,0,1,0,0,0.83,0.0,41.0,0.0,278923.0
9494,2,0,116832,12,9736.0,21,103347,87,16,7,1,7,67.0,9104,1.5,2.07,123,2299.0,2354,51,0.0,110,0,1,0,0,0,0,0,1,0,0,1,0,0,1.0,0.0,28.0,0.0,132888.0
9504,1,2,341280,60,5688.0,9,81344,61,23,4,2,6,55.3,8899,3.3,3.97,149,2987.0,2487,50,91.0,119,1,1,0,1,0,0,0,0,0,0,1,0,0,0.37,0.0,0.0,0.0,0.0
9510,2,0,228276,36,6341.0,1,1204953,0,0,0,1,1,100.0,12541,0.2,0.43,167,85677.0,99107,38,0.0,108,1,1,1,0,0,0,0,0,0,0,1,0,0,0.69,0.0,0.0,0.0,0.0
9513,2,0,18324,12,1527.0,59,108871,41,29,7,2,6,62.1,8444,3.2,3.47,106,2595.0,2305,48,0.0,110,0,1,0,0,0,0,0,0,1,0,1,0,0,1.0,0.0,28.0,0.0,232932.0
9548,1,0,46176,48,962.0,62,145688,22,41,13,2,5,40.7,8544,1.2,1.86,109,2719.0,2906,33,0.0,108,1,1,0,0,0,0,0,0,1,0,1,0,0,0.52,0.0,26.0,0.0,249938.0
9560,1,0,157068,36,4363.0,1,1204953,0,0,0,1,1,100.0,12541,0.2,0.43,167,85677.0,99107,28,0.0,75,0,1,1,0,0,0,0,0,0,0,1,0,0,0.25,0.0,9.0,0.0,65106.0
9583,2,0,104712,24,4363.0,31,51313,34,12,3,1,4,59.2,8930,3.5,4.2,108,1328.0,1452,29,0.0,170,0,1,0,0,0,0,0,0,0,1,0,0,1,1.04,0.0,47.0,0.0,629142.0
9591,1,0,104712,24,4363.0,74,323870,0,0,0,1,1,100.0,10673,4.7,5.44,100,18782.0,18347,55,0.0,201,1,1,0,0,0,0,1,0,0,0,1,0,0,1.04,0.0,64.0,0.0,265344.0
9627,1,0,244368,48,5091.0,65,114200,101,41,4,1,4,43.7,8403,5.7,5.72,105,2157.0,2718,29,0.0,165,1,1,0,0,0,0,0,0,1,0,0,1,0,0.77,0.0,0.0,0.0,0.0
9631,1,0,59448,24,2477.0,11,75637,35,36,9,0,7,36.5,9622,0.4,0.59,154,3475.0,3529,42,0.0,107,1,1,0,1,0,0,0,0,0,0,1,0,0,0.58,0.0,0.0,0.0,0.0
9633,1,0,59448,24,2477.0,70,285387,0,2,8,5,7,89.9,10177,6.6,7.75,81,9878.0,10108,47,0.0,121,1,0,0,0,0,0,1,0,0,0,1,0,0,0.71,0.0,0.0,0.0,0.0
9640,2,0,76416,24,3184.0,1,1204953,0,0,0,1,1,100.0,12541,0.2,0.43,167,85677.0,99107,62,0.0,207,1,1,1,0,0,0,0,0,0,0,1,0,0,1.04,0.0,65.0,0.0,688805.0
9645,1,0,176148,36,4893.0,38,85852,41,23,4,2,4,59.8,8965,7.0,8.23,104,2653.0,2822,36,0.0,119,0,1,0,0,0,1,0,0,0,0,1,0,0,0.86,0.0,31.0,0.0,160673.0
9646,2,0,279072,48,5814.0,1,1204953,0,0,0,1,1,100.0,12541,0.2,0.43,167,85677.0,99107,30,0.0,104,1,1,1,0,0,0,0,0,0,0,0,0,1,0.17,0.0,0.0,0.0,0.0
9656,1,0,139536,24,5814.0,61,117897,139,28,5,1,6,53.8,8814,4.7,5.74,107,2112.0,2059,58,0.0,186,0,1,0,0,0,0,0,0,1,0,1,0,0,1.0,0.0,59.0,0.0,632539.0
9673,2,0,88200,36,2450.0,76,127369,31,32,13,2,7,51.2,8369,4.7,5.88,107,3736.0,2807,55,0.0,78,1,1,0,0,0,0,1,0,0,0,1,0,0,0.11,0.0,15.0,0.0,55260.0
9677,1,0,31620,60,527.0,8,112065,95,19,7,1,8,69.4,11277,1.2,1.44,127,5179.0,4987,60,0.0,97,1,1,0,1,0,0,0,0,0,0,1,0,0,0.3,0.0,22.0,0.0,196768.0
9730,2,0,116040,60,1934.0,54,387570,0,0,0,1,1,100.0,9897,1.6,1.96,140,18721.0,18696,60,0.0,91,0,1,0,0,0,0,0,0,1,0,1,0,0,0.27,0.0,20.0,0.0,5160.0
9731,2,0,113796,36,3161.0,54,387570,0,0,0,1,1,100.0,9897,1.6,1.96,140,18721.0,18696,28,0.0,154,1,1,0,0,0,0,0,0,1,0,0,1,0,1.0,0.0,45.0,0.0,223515.0
9750,1,0,151728,48,3161.0,74,323870,0,0,0,1,1,100.0,10673,4.7,5.44,100,18782.0,18347,23,0.0,171,1,0,0,0,0,0,1,0,0,0,1,0,0,0.94,0.0,0.0,0.0,0.0
9790,2,2,133968,48,2791.0,52,139012,59,41,8,3,10,61.9,8363,2.5,3.49,108,2564.0,2799,56,109.0,126,1,1,0,0,1,0,0,0,0,0,1,0,0,0.6,37.0,37.0,92056.0,340770.0
9814,1,3,96168,12,8014.0,64,197099,29,41,10,2,10,74.7,9624,1.6,2.31,145,4484.0,4265,27,32.0,150,0,1,0,0,0,0,0,0,1,0,0,0,1,0.75,0.0,0.0,0.0,0.0
9828,1,0,126600,24,5275.0,11,75637,35,36,9,0,7,36.5,9622,0.4,0.59,154,3475.0,3529,60,0.0,201,1,1,0,1,0,0,0,0,0,0,1,0,0,1.0,0.0,0.0,0.0,0.0
9833,1,0,97632,12,8136.0,20,70646,94,14,3,1,4,58.4,8547,2.6,3.64,120,1563.0,1542,31,0.0,195,0,1,0,0,0,0,0,1,0,0,1,0,0,1.0,0.0,61.0,0.0,398391.0
9859,1,2,300600,60,5010.0,27,67298,71,19,10,0,7,43.8,8561,0.6,1.29,110,1029.0,1127,35,76.0,105,0,1,0,0,0,0,0,0,0,1,1,0,0,0.28,25.0,24.0,19125.0,24192.0
9869,2,1,331560,60,5526.0,12,107870,84,29,6,1,6,58.0,8754,3.8,4.31,137,3804.0,3868,19,114.0,193,1,1,0,1,0,0,0,0,0,0,1,0,0,0.75,0.0,59.0,0.0,347333.0
9897,1,0,36168,12,3014.0,1,1204953,0,0,0,1,1,100.0,12541,0.2,0.43,167,85677.0,99107,38,0.0,146,1,1,1,0,0,0,0,0,0,0,1,0,0,1.0,42.0,41.0,292026.0,61787.0
9928,2,0,89340,60,1489.0,60,110643,49,41,4,1,4,51.9,8441,3.4,4.48,115,1879.0,2252,28,0.0,126,0,1,0,0,0,0,0,0,1,0,1,0,0,0.48,0.0,34.0,0.0,170544.0
10001,1,0,19044,36,529.0,24,122603,25,21,6,2,8,80.0,8991,1.3,2.01,128,5198.0,5273,25,0.0,139,0,1,0,0,0,0,0,0,0,1,1,0,0,0.83,0.0,0.0,0.0,0.0
10005,1,0,210744,36,5854.0,64,197099,29,41,10,2,10,74.7,9624,1.6,2.31,145,4484.0,4265,21,0.0,63,1,1,0,0,0,0,0,0,1,0,1,0,0,0.14,0.0,9.0,0.0,82359.0
10019,1,0,194940,36,5415.0,8,112065,95,19,7,1,8,69.4,11277,1.2,1.44,127,5179.0,4987,35,0.0,138,1,1,0,1,0,0,0,0,0,0,1,0,0,0.75,0.0,0.0,0.0,0.0
10022,1,2,218064,48,4543.0,1,1204953,0,0,0,1,1,100.0,12541,0.2,0.43,167,85677.0,99107,55,41.0,80,0,1,1,0,0,0,0,0,0,0,1,0,0,0.25,0.0,15.0,0.0,115170.0
10049,2,0,91632,12,7636.0,17,74062,99,15,4,2,7,61.4,8114,2.3,2.62,119,1003.0,1181,56,0.0,114,1,1,0,0,0,0,0,1,0,0,1,0,0,1.0,0.0,28.0,0.0,45052.0
10063,1,0,233424,36,6484.0,4,149893,63,29,6,2,6,67.4,9753,4.6,5.05,109,5244.0,5892,40,0.0,97,1,1,0,1,0,0,0,0,0,0,0,0,1,0.5,22.0,22.0,60412.0,1980.0
10065,1,2,311232,48,6484.0,76,127369,31,32,13,2,7,51.2,8369,4.7,5.88,107,3736.0,2807,53,40.0,114,0,1,0,0,0,0,1,0,0,0,1,0,0,0.31,0.0,0.0,0.0,0.0
10068,2,0,77808,12,6484.0,1,1204953,0,0,0,1,1,100.0,12541,0.2,0.43,167,85677.0,99107,44,0.0,83,1,1,1,0,0,0,0,0,0,0,1,0,0,1.0,0.0,0.0,0.0,0.0
10079,2,2,167100,60,2785.0,62,145688,22,41,13,2,5,40.7,8544,1.2,1.86,109,2719.0,2906,29,43.0,202,0,1,0,0,0,0,0,0,1,0,1,0,0,0.95,0.0,0.0,0.0,0.0
10093,2,0,231696,36,6436.0,1,1204953,0,0,0,1,1,100.0,12541,0.2,0.43,167,85677.0,99107,26,0.0,167,1,1,1,0,0,0,0,0,0,0,0,0,1,1.0,50.0,49.0,354100.0,135338.0
10105,1,0,121896,24,5079.0,55,157042,49,70,18,0,9,33.9,8743,1.8,2.43,111,3659.0,3894,34,0.0,203,1,1,0,0,0,0,0,0,1,0,1,0,0,1.0,0.0,0.0,0.0,0.0
10131,1,0,215388,36,5983.0,1,1204953,0,0,0,1,1,100.0,12541,0.2,0.43,167,85677.0,99107,40,0.0,185,1,0,1,0,0,0,0,0,0,0,1,0,0,0.56,0.0,0.0,0.0,0.0
10134,1,0,136368,24,5682.0,22,58400,65,16,4,1,6,52.4,8620,1.1,1.25,100,1089.0,1117,30,0.0,81,1,1,0,0,0,0,0,0,0,1,1,0,0,0.5,0.0,18.0,0.0,171630.0
10148,1,0,22104,12,1842.0,34,125236,28,11,1,4,5,87.7,9675,6.4,7.68,100,5323.0,5190,34,0.0,90,0,1,0,0,0,1,0,0,0,0,1,0,0,0.92,0.0,19.0,0.0,79895.0
10202,1,0,305424,48,6363.0,70,285387,0,2,8,5,7,89.9,10177,6.6,7.75,81,9878.0,10108,36,0.0,105,0,1,0,0,0,0,1,0,0,0,1,0,0,0.38,0.0,27.0,0.0,34587.0
10215,1,0,44304,24,1846.0,38,85852,41,23,4,2,4,59.8,8965,7.0,8.23,104,2653.0,2822,33,0.0,113,1,1,0,0,0,1,0,0,0,0,1,0,0,0.92,0.0,28.0,0.0,4256.0
10233,1,0,239160,60,3986.0,27,67298,71,19,10,0,7,43.8,8561,0.6,1.29,110,1029.0,1127,52,0.0,117,1,1,0,0,0,0,0,0,0,1,1,0,0,0.33,30.0,29.0,29580.0,13224.0
10243,1,2,113436,36,3151.0,44,105606,77,26,7,2,7,53.0,8254,2.7,3.76,97,2166.0,2325,43,34.0,70,1,1,0,0,1,0,0,0,0,0,1,0,0,0.08,0.0,0.0,0.0,0.0
10257,1,0,37812,12,3151.0,27,67298,71,19,10,0,7,43.8,8561,0.6,1.29,110,1029.0,1127,34,0.0,81,0,1,0,0,0,0,0,0,0,1,1,0,0,0.33,0.0,18.0,0.0,266418.0
10266,1,0,75624,24,3151.0,54,387570,0,0,0,1,1,100.0,9897,1.6,1.96,140,18721.0,18696,41,0.0,199,1,0,0,0,0,0,0,0,1,0,1,0,0,0.92,0.0,49.0,0.0,603700.0
10280,1,2,348120,60,5802.0,69,42821,4,13,5,1,3,48.4,8173,0.0,7.01,124,0.0,1358,37,44.0,93,0,1,0,0,0,0,1,0,0,0,1,0,0,0.2,0.0,0.0,0.0,0.0
10297,1,2,421008,48,8771.0,14,177686,69,27,10,1,9,74.8,10045,1.4,1.71,135,6604.0,6295,46,33.0,120,1,1,0,0,0,0,0,1,0,0,1,0,0,0.52,0.0,31.0,0.0,306962.0
10320,1,0,259740,60,4329.0,68,228848,15,40,18,2,6,57.2,9893,4.0,4.72,96,5623.0,5887,20,0.0,197,1,1,0,0,0,0,1,0,0,0,1,0,0,1.0,0.0,61.0,0.0,757254.0
10345,2,0,31260,12,2605.0,36,159617,29,19,8,1,9,85.2,9198,3.3,4.28,131,5796.0,6132,31,0.0,113,1,1,0,0,0,1,0,0,0,0,1,0,0,0.92,0.0,28.0,0.0,188776.0
10351,2,0,88704,48,1848.0,23,87419,21,11,4,3,9,85.5,8624,1.7,2.66,102,2879.0,3198,39,0.0,141,0,1,0,0,0,0,0,0,0,1,1,0,0,0.46,0.0,40.0,0.0,176400.0
10361,1,2,86880,12,7240.0,21,103347,87,16,7,1,7,67.0,9104,1.5,2.07,123,2299.0,2354,59,80.0,107,0,1,0,0,0,0,0,1,0,0,1,0,0,1.0,0.0,0.0,0.0,0.0
10364,2,0,21924,36,609.0,55,157042,49,70,18,0,9,33.9,8743,1.8,2.43,111,3659.0,3894,39,0.0,211,1,1,0,0,0,0,0,0,1,0,1,0,0,1.03,0.0,67.0,0.0,419554.0
10365,1,0,260640,36,7240.0,22,58400,65,16,4,1,6,52.4,8620,1.1,1.25,100,1089.0,1117,50,0.0,131,0,0,0,0,0,0,0,0,0,1,1,0,0,0.61,30.0,29.0,9930.0,125425.0
10404,1,2,194280,60,3238.0,1,1204953,0,0,0,1,1,100.0,12541,0.2,0.43,167,85677.0,99107,30,33.0,91,1,1,1,0,0,0,0,0,0,0,1,0,0,0.17,19.0,20.0,1900.0,43420.0
10411,1,3,123408,24,5142.0,39,119895,17,4,3,2,4,89.9,10446,7.3,9.4,90,4947.0,4743,35,106.0,124,1,1,0,0,0,1,0,0,0,0,0,1,0,1.0,30.0,30.0,69690.0,90600.0
10436,1,0,54396,36,1511.0,60,110643,49,41,4,1,4,51.9,8441,3.4,4.48,115,1879.0,2252,60,0.0,115,1,1,0,0,0,0,0,0,1,0,1,0,0,0.75,0.0,0.0,0.0,0.0
10439,1,3,151560,24,6315.0,66,125832,151,41,2,3,5,48.3,8512,3.5,4.12,102,2247.0,2103,46,32.0,185,1,1,0,0,0,0,0,0,1,0,1,0,0,1.0,0.0,56.0,0.0,567504.0
10440,1,0,60000,60,1000.0,72,226122,32,50,7,4,4,62.6,8994,3.8,4.79,110,9672.0,9208,53,0.0,191,1,1,0,0,0,0,1,0,0,0,1,0,0,0.7,0.0,59.0,0.0,174640.0
10445,2,2,23412,12,1951.0,72,226122,32,50,7,4,4,62.6,8994,3.8,4.79,110,9672.0,9208,44,77.0,109,1,1,0,0,0,0,1,0,0,0,1,0,0,0.92,0.0,27.0,0.0,87318.0
10451,1,0,482940,60,8049.0,1,1204953,0,0,0,1,1,100.0,12541,0.2,0.43,167,85677.0,99107,23,0.0,192,0,0,1,0,0,0,0,0,0,0,1,0,0,0.75,59.0,59.0,40651.0,143901.0
10478,1,0,267600,48,5575.0,70,285387,0,2,8,5,7,89.9,10177,6.6,7.75,81,9878.0,10108,41,0.0,117,0,1,0,0,0,0,1,0,0,0,0,0,1,0.23,0.0,0.0,0.0,0.0
10493,1,0,133800,24,5575.0,12,107870,84,29,6,1,6,58.0,8754,3.8,4.31,137,3804.0,3868,58,0.0,90,1,1,0,1,0,0,0,0,0,0,1,0,0,0.42,0.0,19.0,0.0,163286.0
10520,1,3,417600,60,6960.0,55,157042,49,70,18,0,9,33.9,8743,1.8,2.43,111,3659.0,3894,29,105.0,127,1,1,0,0,0,0,0,0,1,0,0,1,0,0.42,0.0,0.0,0.0,0.0
10613,1,2,249792,48,5204.0,55,157042,49,70,18,0,9,33.9,8743,1.8,2.43,111,3659.0,3894,34,38.0,65,1,1,0,0,0,0,0,0,1,0,1,0,0,0.08,0.0,0.0,0.0,0.0
10630,1,0,198240,24,8260.0,41,118650,8,8,5,1,3,85.6,9832,3.3,4.48,114,6445.0,5471,43,0.0,150,1,1,0,0,0,1,0,0,0,0,1,0,0,1.0,0.0,43.0,0.0,314029.0
10644,1,1,269964,36,7499.0,16,93931,74,21,10,1,8,56.9,8427,1.1,1.54,107,1874.0,1913,20,50.0,75,0,1,0,0,0,0,0,1,0,0,1,0,0,0.17,0.0,14.0,0.0,154742.0
10645,1,0,208332,36,5787.0,2,88884,80,26,6,2,5,46.7,8507,1.6,1.85,132,2159.0,2674,19,0.0,92,0,1,0,1,0,0,0,0,0,0,1,0,0,0.17,0.0,20.0,0.0,74800.0
10650,1,3,196224,48,4088.0,76,127369,31,32,13,2,7,51.2,8369,4.7,5.88,107,3736.0,2807,49,40.0,70,1,1,0,0,0,0,1,0,0,0,1,0,0,0.21,0.0,11.0,0.0,113916.0
10652,1,0,45720,12,3810.0,1,1204953,0,0,0,1,1,100.0,12541,0.2,0.43,167,85677.0,99107,21,0.0,84,0,1,1,0,0,0,0,0,0,0,1,0,0,0.67,0.0,17.0,0.0,21930.0
10663,1,2,260028,36,7223.0,11,75637,35,36,9,0,7,36.5,9622,0.4,0.59,154,3475.0,3529,23,76.0,184,1,1,0,1,0,0,0,0,0,0,1,0,0,1.0,0.0,56.0,0.0,267792.0
10679,1,2,197808,24,8242.0,1,1204953,0,0,0,1,1,100.0,12541,0.2,0.43,167,85677.0,99107,37,55.0,78,0,1,1,0,0,0,0,0,0,0,1,0,0,0.62,0.0,15.0,0.0,100050.0
10711,1,0,24180,60,403.0,36,159617,29,19,8,1,9,85.2,9198,3.3,4.28,131,5796.0,6132,61,0.0,105,1,1,0,0,0,1,0,0,0,0,1,0,0,0.2,25.0,25.0,2125.0,67850.0
10728,1,0,154656,48,3222.0,71,161227,5,35,11,4,10,69.7,8678,5.9,5.57,102,4980.0,4595,43,0.0,152,1,1,0,0,0,0,1,0,0,0,1,0,0,0.69,0.0,43.0,0.0,166281.0
10738,1,2,115992,36,3222.0,45,77917,85,19,6,1,5,53.5,8390,2.2,2.89,132,2080.0,2122,62,68.0,204,1,1,0,0,1,0,0,0,0,0,0,0,1,1.0,0.0,64.0,0.0,11904.0
10762,1,0,68832,36,1912.0,1,1204953,0,0,0,1,1,100.0,12541,0.2,0.43,167,85677.0,99107,40,0.0,127,1,1,1,0,0,0,0,0,0,0,1,0,0,0.75,0.0,33.0,0.0,179355.0
10774,1,0,339168,48,7066.0,46,112709,48,20,7,3,10,73.5,8369,1.7,2.31,117,2854.0,2618,57,0.0,75,0,1,0,0,1,0,0,0,0,0,1,0,0,0.17,0.0,14.0,0.0,52192.0
10788,1,0,45768,12,3814.0,67,106054,38,25,6,2,6,63.1,8110,5.7,6.55,109,3244.0,3079,22,0.0,185,0,1,0,0,0,0,1,0,0,0,0,0,1,1.0,0.0,45.0,0.0,273200.0
10789,2,0,45768,12,3814.0,75,138032,67,30,4,2,5,64.6,8819,5.3,5.66,99,4063.0,4505,55,0.0,99,1,1,0,0,0,0,1,0,0,0,1,0,0,1.0,25.0,25.0,66750.0,258500.0
10799,1,0,31140,60,519.0,76,127369,31,32,13,2,7,51.2,8369,4.7,5.88,107,3736.0,2807,22,0.0,72,1,1,0,0,0,0,1,0,0,0,1,0,0,0.1,0.0,0.0,0.0,0.0
10807,1,0,67464,12,5622.0,34,125236,28,11,1,4,5,87.7,9675,6.4,7.68,100,5323.0,5190,64,0.0,115,1,1,0,0,0,1,0,0,0,0,1,0,0,1.0,0.0,0.0,0.0,0.0
10812,2,0,140688,48,2931.0,16,93931,74,21,10,1,8,56.9,8427,1.1,1.54,107,1874.0,1913,58,0.0,83,1,1,0,0,0,0,0,1,0,0,1,0,0,0.15,0.0,0.0,0.0,0.0
10857,1,0,385560,60,6426.0,50,102609,75,33,2,3,6,52.0,8187,4.8,5.45,94,2123.0,2134,43,0.0,98,1,0,0,0,1,0,0,0,0,0,1,0,0,0.18,0.0,15.0,0.0,177200.0
10884,1,0,113544,36,3154.0,65,114200,101,41,4,1,4,43.7,8403,5.7,5.72,105,2157.0,2718,57,0.0,147,1,1,0,0,0,0,0,0,1,0,1,0,0,0.94,0.0,41.0,0.0,54366.0
10905,1,2,57120,48,1190.0,32,105058,32,19,7,2,10,81.0,9272,2.8,3.22,118,4340.0,4505,41,48.0,94,1,1,0,0,0,1,0,0,0,0,1,0,0,0.33,0.0,21.0,0.0,61719.0
10911,1,0,131292,36,3647.0,1,1204953,0,0,0,1,1,100.0,12541,0.2,0.43,167,85677.0,99107,45,0.0,200,1,1,1,0,0,0,0,0,0,0,0,0,1,1.0,0.0,63.0,0.0,460656.0
10915,1,0,152460,60,2541.0,25,88757,60,33,3,2,10,61.7,8554,2.4,2.68,113,1822.0,2218,48,0.0,87,0,1,0,0,0,0,0,0,0,1,0,0,1,0.12,17.0,17.0,62067.0,44132.0
10940,2,0,197748,36,5493.0,50,102609,75,33,2,3,6,52.0,8187,4.8,5.45,94,2123.0,2134,29,0.0,191,0,1,0,0,1,0,0,0,0,0,1,0,0,1.0,0.0,58.0,0.0,435986.0
10942,1,0,314520,60,5242.0,44,105606,77,26,7,2,7,53.0,8254,2.7,3.76,97,2166.0,2325,44,0.0,169,0,1,0,0,1,0,0,0,0,0,0,0,1,0.63,0.0,50.0,0.0,523600.0
10954,2,2,18720,60,312.0,25,88757,60,33,3,2,10,61.7,8554,2.4,2.68,113,1822.0,2218,39,72.0,104,1,1,0,0,0,0,0,0,0,1,1,0,0,0.35,0.0,0.0,0.0,0.0
10963,1,0,115812,36,3217.0,16,93931,74,21,10,1,8,56.9,8427,1.1,1.54,107,1874.0,1913,46,0.0,140,1,1,0,0,0,0,0,1,0,0,1,0,0,0.67,0.0,0.0,0.0,0.0
10973,1,0,154416,48,3217.0,18,70699,60,13,2,1,4,65.3,8968,2.8,3.35,131,1740.0,1910,30,0.0,203,0,1,0,0,0,0,0,1,0,0,0,0,1,1.0,0.0,0.0,0.0,0.0
11013,1,1,274740,60,4579.0,1,1204953,0,0,0,1,1,100.0,12541,0.2,0.43,167,85677.0,99107,21,142.0,209,1,1,1,0,0,0,0,0,0,0,0,0,1,1.0,0.0,65.0,0.0,49140.0
11021,1,0,168984,24,7041.0,1,1204953,0,0,0,1,1,100.0,12541,0.2,0.43,167,85677.0,99107,23,0.0,194,1,0,1,0,0,0,0,0,0,0,1,0,0,0.92,0.0,0.0,0.0,0.0
11027,1,0,48096,24,2004.0,32,105058,32,19,7,2,10,81.0,9272,2.8,3.22,118,4340.0,4505,41,0.0,104,1,1,0,0,0,1,0,0,0,0,0,0,1,0.58,0.0,24.0,0.0,91176.0
11042,1,2,217152,36,6032.0,72,226122,32,50,7,4,4,62.6,8994,3.8,4.79,110,9672.0,9208,25,125.0,149,1,1,0,0,0,0,1,0,0,0,1,0,0,1.0,0.0,43.0,0.0,362748.0
11054,1,0,148920,60,2482.0,59,108871,41,29,7,2,6,62.1,8444,3.2,3.47,106,2595.0,2305,22,0.0,119,1,1,0,0,0,0,0,0,1,0,0,0,1,0.47,0.0,31.0,0.0,356686.0
11065,1,0,69360,48,1445.0,11,75637,35,36,9,0,7,36.5,9622,0.4,0.59,154,3475.0,3529,58,0.0,206,1,1,0,1,0,0,0,0,0,0,1,0,0,1.02,0.0,0.0,0.0,0.0
11069,1,0,119136,48,2482.0,37,114006,71,26,6,2,9,62.3,9065,4.4,5.39,123,4147.0,4166,36,0.0,139,0,1,0,0,0,1,0,0,0,0,1,0,0,0.46,0.0,0.0,0.0,0.0
11079,1,2,98304,12,8192.0,16,93931,74,21,10,1,8,56.9,8427,1.1,1.54,107,1874.0,1913,29,55.0,126,1,1,0,0,0,0,0,1,0,0,1,0,0,1.0,0.0,0.0,0.0,0.0
11096,1,0,213300,60,3555.0,28,72541,66,26,10,0,8,36.9,8594,1.6,2.01,112,1580.0,1525,44,0.0,93,0,1,0,0,0,0,0,0,0,1,1,0,0,0.32,0.0,20.0,0.0,133220.0
11111,2,0,108144,36,3004.0,1,1204953,0,0,0,1,1,100.0,12541,0.2,0.43,167,85677.0,99107,36,0.0,201,0,1,1,0,0,0,0,0,0,0,1,0,0,1.0,0.0,65.0,0.0,307840.0
11135,1,0,182628,36,5073.0,75,138032,67,30,4,2,5,64.6,8819,5.3,5.66,99,4063.0,4505,40,0.0,189,1,1,0,0,0,0,1,0,0,0,1,0,0,1.0,0.0,57.0,0.0,186048.0
11138,1,2,89880,24,3745.0,70,285387,0,2,8,5,7,89.9,10177,6.6,7.75,81,9878.0,10108,36,106.0,133,1,1,0,0,0,0,1,0,0,0,0,0,1,1.0,0.0,0.0,0.0,0.0
11141,1,2,44940,12,3745.0,1,1204953,0,0,0,1,1,100.0,12541,0.2,0.43,167,85677.0,99107,23,63.0,87,0,1,1,0,0,0,0,0,0,0,0,0,1,1.0,0.0,0.0,0.0,0.0
11186,2,1,392460,60,6541.0,12,107870,84,29,6,1,6,58.0,8754,3.8,4.31,137,3804.0,3868,19,58.0,155,0,1,0,1,0,0,0,0,0,0,1,0,0,0.45,0.0,45.0,0.0,441450.0
11231,1,0,89280,12,7440.0,1,1204953,0,0,0,1,1,100.0,12541,0.2,0.43,167,85677.0,99107,52,0.0,88,1,1,1,0,0,0,0,0,0,0,1,0,0,1.0,0.0,18.0,0.0,176094.0
11244,1,0,155760,24,6490.0,33,133777,24,17,7,3,11,84.7,8705,5.7,7.61,116,4650.0,4859,51,0.0,90,0,1,0,0,0,1,0,0,0,0,1,0,0,0.54,0.0,18.0,0.0,218772.0
11265,1,0,52788,12,4399.0,15,58796,22,16,7,1,5,51.9,9045,3.1,3.6,124,1845.0,1879,26,0.0,211,1,1,0,0,0,0,0,1,0,0,1,0,0,1.0,0.0,67.0,0.0,33902.0
11271,1,0,67320,36,1870.0,5,95616,65,30,4,1,6,51.4,9307,3.8,4.43,118,2616.0,3040,27,0.0,130,1,1,0,1,0,0,0,0,0,0,1,0,0,0.64,35.0,35.0,18060.0,203280.0
11317,1,0,317460,60,5291.0,50,102609,75,33,2,3,6,52.0,8187,4.8,5.45,94,2123.0,2134,24,0.0,75,1,1,0,0,1,0,0,0,0,0,1,0,0,0.02,0.0,15.0,0.0,57735.0
11327,1,0,39168,24,1632.0,7,94725,38,28,1,3,6,63.4,9920,2.2,2.87,130,4289.0,4846,20,0.0,67,0,1,0,1,0,0,0,0,0,0,1,0,0,0.12,0.0,9.0,0.0,33237.0
11328,1,0,280440,60,4674.0,54,387570,0,0,0,1,1,100.0,9897,1.6,1.96,140,18721.0,18696,47,0.0,95,0,1,0,0,0,0,0,0,1,0,1,0,0,0.08,0.0,0.0,0.0,0.0
11349,2,0,419880,60,6998.0,1,1204953,0,0,0,1,1,100.0,12541,0.2,0.43,167,85677.0,99107,54,0.0,140,0,1,1,0,0,0,0,0,0,0,0,0,1,0.63,0.0,39.0,0.0,424554.0
11359,1,2,54024,12,4502.0,61,117897,139,28,5,1,6,53.8,8814,4.7,5.74,107,2112.0,2059,31,138.0,159,1,1,0,0,0,0,0,0,1,0,1,0,0,1.0,0.0,46.0,0.0,207828.0
11362,1,0,129408,24,5392.0,67,106054,38,25,6,2,6,63.1,8110,5.7,6.55,109,3244.0,3079,37,0.0,128,0,1,0,0,0,0,1,0,0,0,1,0,0,1.0,34.0,34.0,11220.0,162520.0
