account_id,k_symbol,count(trans_id),sum(amount)
1,SIPO,40,98080.0
2,SIPO,65,472290.0
2,UVER,24,80952.0
3,POJISTNE,13,46007.0
3,SIPO,13,14755.0
4,SIPO,29,60262.0
5,SIPO,14,37352.0
6,SIPO,47,185838.0
7,SIPO,20,97600.0
8,SIPO,35,91420.0
10,SIPO,23,161759.0
12,SIPO,15,4455.0
13,SIPO,11,26884.0
14,SIPO,20,72580.0
15,SIPO,59,181248.0
17,SIPO,2,8064.0
19,SIPO,32,481000.0
19,UVER,8,20184.0
20,SIPO,24,48072.0
21,SIPO,9,56484.0
22,SIPO,52,330304.0
23,SIPO,62,360034.0
24,SIPO,21,4641.0
25,POJISTNE,27,4428.0
25,SIPO,27,184059.0
25,UVER,12,30276.0
26,SIPO,60,623220.0
27,SIPO,58,235132.0
29,POJISTNE,45,360.0
29,SIPO,44,302324.0
31,SIPO,53,540706.0
33,SIPO,59,229628.0
34,SIPO,58,29116.0
35,SIPO,61,62342.0
36,SIPO,62,252278.0
37,POJISTNE,14,1358.0
37,SIPO,14,32438.0
37,UVER,1,5308.0
38,POJISTNE,12,2736.0
38,SIPO,12,82812.0
38,UVER,8,18456.0
39,SIPO,59,8555.0
40,SIPO,58,1914.0
42,POJISTNE,23,36616.0
42,SIPO,24,101736.0
43,SIPO,50,329450.0
44,SIPO,63,147672.0
47,POJISTNE,60,8460.0
47,SIPO,61,423340.0
48,SIPO,20,125360.0
49,SIPO,16,49632.0
50,SIPO,51,13719.0
51,SIPO,27,55998.0
52,SIPO,19,10640.0
53,SIPO,39,111189.0
54,SIPO,40,91200.0
55,SIPO,29,89494.0
56,SIPO,51,412080.0
57,SIPO,39,160173.0
58,SIPO,22,49500.0
59,SIPO,53,36835.0
61,SIPO,56,92120.0
62,SIPO,65,147745.0
63,SIPO,21,46977.0
65,POJISTNE,22,74822.0
65,SIPO,22,15092.0
67,SIPO,46,294078.0
67,UVER,24,165960.0
68,POJISTNE,43,5891.0
68,SIPO,43,73315.0
70,SIPO,42,174300.0
71,POJISTNE,54,54594.0
71,SIPO,53,51304.0
72,SIPO,29,206161.0
73,SIPO,58,351538.0
75,SIPO,36,121284.0
76,SIPO,27,140616.0
78,SIPO,61,551379.0
79,SIPO,21,58548.0
81,POJISTNE,24,5496.0
81,SIPO,25,44125.0
83,SIPO,64,141440.0
84,SIPO,33,410916.0
85,SIPO,17,65127.0
88,SIPO,26,58968.0
90,POJISTNE,49,214228.0
90,SIPO,49,135926.0
91,SIPO,6,91400.0
96,POJISTNE,65,2990.0
96,SIPO,66,59928.0
97,POJISTNE,27,81.0
97,SIPO,27,38772.0
97,UVER,12,102876.0
98,SIPO,16,25104.0
99,SIPO,32,144096.0
100,SIPO,56,33488.0
101,SIPO,28,225036.0
102,SIPO,35,118055.0
103,UVER,11,81070.0
105,UVER,1,7348.0
106,SIPO,45,168075.0
107,POJISTNE,58,55622.0
107,SIPO,58,116870.0
108,SIPO,40,192120.0
110,SIPO,24,73200.0
110,UVER,16,72256.0
112,SIPO,65,133315.0
113,SIPO,25,78650.0
114,SIPO,16,25440.0
115,SIPO,65,332150.0
116,SIPO,29,160341.0
117,SIPO,60,139740.0
118,SIPO,10,24490.0
119,SIPO,62,511624.0
120,SIPO,40,158600.0
121,POJISTNE,10,3930.0
121,SIPO,10,7940.0
123,SIPO,65,196040.0
124,POJISTNE,7,6797.0
124,SIPO,7,3129.0
126,SIPO,56,413504.0
129,SIPO,10,34170.0
130,SIPO,17,67473.0
131,SIPO,38,262352.0
132,UVER,12,88440.0
133,SIPO,13,64259.0
136,SIPO,26,76232.0
137,SIPO,24,83136.0
141,POJISTNE,29,194764.0
141,SIPO,30,103860.0
142,SIPO,66,121770.0
143,SIPO,21,47712.0
145,SIPO,32,154080.0
146,SIPO,59,225557.0
151,SIPO,60,24660.0
152,SIPO,28,11928.0
153,SIPO,59,268096.0
154,SIPO,49,190659.0
155,SIPO,33,98604.0
156,SIPO,9,18270.0
157,SIPO,17,67847.0
158,SIPO,41,140220.0
159,SIPO,18,156492.0
160,SIPO,59,140066.0
161,SIPO,49,68061.0
162,SIPO,60,207480.0
163,SIPO,67,208772.0
165,SIPO,62,110856.0
166,SIPO,24,73056.0
169,SIPO,34,169150.0
171,SIPO,27,94122.0
172,SIPO,60,253260.0
173,POJISTNE,57,41895.0
173,SIPO,57,356592.0
173,UVER,12,104808.0
176,POJISTNE,26,2522.0
176,SIPO,26,118664.0
176,UVER,12,27456.0
178,SIPO,11,16302.0
179,POJISTNE,12,4536.0
179,SIPO,11,83765.0
181,SIPO,26,176280.0
183,SIPO,56,291312.0
185,SIPO,14,91364.0
186,SIPO,59,404858.0
187,SIPO,64,179072.0
188,SIPO,63,467838.0
189,POJISTNE,16,5760.0
189,SIPO,16,67904.0
190,POJISTNE,41,1722.0
190,SIPO,41,185279.0
192,SIPO,67,240061.0
193,SIPO,20,142200.0
194,SIPO,25,66200.0
195,SIPO,17,106420.0
196,POJISTNE,56,143024.0
196,SIPO,57,72390.0
197,SIPO,66,623964.0
198,SIPO,57,39900.0
201,SIPO,46,440864.0
204,SIPO,31,60450.0
205,SIPO,10,42970.0
206,SIPO,40,116080.0
207,POJISTNE,60,163560.0
207,SIPO,60,24180.0
208,POJISTNE,29,28594.0
208,SIPO,29,120292.0
209,POJISTNE,20,35920.0
209,SIPO,21,10143.0
210,SIPO,28,210952.0
212,SIPO,66,913506.0
213,SIPO,36,202500.0
215,SIPO,9,19089.0
216,SIPO,50,74300.0
217,SIPO,42,145278.0
219,SIPO,35,81760.0
220,SIPO,64,198080.0
221,SIPO,22,173712.0
224,SIPO,22,77066.0
225,SIPO,60,202980.0
226,SIPO,18,160704.0
226,UVER,6,54672.0
227,SIPO,40,375240.0
228,SIPO,58,112868.0
229,SIPO,15,37575.0
230,POJISTNE,30,31740.0
230,SIPO,30,168450.0
231,SIPO,41,84993.0
232,SIPO,8,29144.0
234,SIPO,60,168540.0
237,SIPO,52,7904.0
239,POJISTNE,64,9728.0
239,SIPO,65,67730.0
240,SIPO,16,153936.0
241,POJISTNE,23,14030.0
241,SIPO,22,29568.0
242,SIPO,23,24426.0
243,SIPO,55,168685.0
244,POJISTNE,66,15312.0
244,SIPO,66,144540.0
246,SIPO,7,13790.0
249,SIPO,21,117978.0
250,SIPO,15,45990.0
251,SIPO,29,88711.0
252,SIPO,20,35340.0
255,SIPO,21,111783.0
257,SIPO,25,354150.0
258,SIPO,14,52318.0
259,SIPO,58,17226.0
260,SIPO,34,178398.0
261,SIPO,22,48004.0
263,SIPO,23,141335.0
264,SIPO,30,99210.0
265,SIPO,25,72500.0
267,SIPO,40,122960.0
268,SIPO,24,74904.0
269,SIPO,23,10488.0
270,SIPO,42,229404.0
271,SIPO,24,36840.0
272,SIPO,21,156534.0
273,POJISTNE,61,111996.0
273,SIPO,61,363865.0
274,SIPO,59,583274.0
276,SIPO,8,41696.0
276,UVER,1,4471.0
278,SIPO,28,94136.0
280,SIPO,67,223378.0
281,SIPO,22,122716.0
282,SIPO,14,105434.0
283,SIPO,27,75654.0
284,SIPO,12,67548.0
286,SIPO,29,285592.0
287,SIPO,58,44776.0
288,SIPO,41,133537.0
289,SIPO,53,304485.0
290,SIPO,56,148568.0
290,UVER,48,123696.0
291,SIPO,16,992.0
292,SIPO,17,33762.0
293,POJISTNE,16,21856.0
293,SIPO,16,26176.0
294,POJISTNE,19,8170.0
294,SIPO,19,110998.0
295,SIPO,8,55936.0
296,SIPO,30,79380.0
300,SIPO,62,100936.0
301,SIPO,35,68250.0
302,SIPO,28,90608.0
303,SIPO,25,95075.0
303,UVER,7,21924.0
304,SIPO,17,244239.0
305,SIPO,22,64966.0
306,SIPO,62,226734.0
309,UVER,1,1901.0
311,POJISTNE,13,43875.0
311,SIPO,12,57324.0
312,SIPO,32,250048.0
314,SIPO,31,424421.0
314,UVER,20,55700.0
317,SIPO,65,199420.0
318,SIPO,47,134326.0
319,POJISTNE,36,14976.0
319,SIPO,36,38052.0
319,UVER,18,110700.0
321,SIPO,56,105056.0
322,SIPO,65,425750.0
323,SIPO,18,54450.0
324,SIPO,24,42840.0
325,SIPO,23,63043.0
326,SIPO,13,24453.0
327,SIPO,63,204876.0
328,SIPO,11,14157.0
329,SIPO,22,17424.0
330,UVER,6,41448.0
331,SIPO,34,119952.0
332,SIPO,30,71550.0
333,POJISTNE,19,5548.0
333,SIPO,20,32680.0
334,SIPO,62,147188.0
335,SIPO,31,83607.0
336,SIPO,34,138278.0
338,SIPO,32,72064.0
339,SIPO,23,94001.0
339,UVER,12,93612.0
340,SIPO,57,52269.0
343,SIPO,51,127755.0
344,SIPO,57,270123.0
344,UVER,48,80784.0
345,SIPO,56,493864.0
346,SIPO,67,527625.0
347,UVER,22,171622.0
349,SIPO,14,65240.0
349,UVER,4,14272.0
350,SIPO,21,79611.0
352,SIPO,49,97608.0
353,SIPO,36,96732.0
354,SIPO,58,276718.0
355,SIPO,31,155372.0
356,SIPO,29,121452.0
357,SIPO,29,51852.0
358,POJISTNE,57,1539.0
358,SIPO,57,30324.0
359,SIPO,44,155936.0
361,SIPO,66,128106.0
362,POJISTNE,64,4352.0
362,SIPO,64,384064.0
364,SIPO,18,39978.0
365,POJISTNE,55,275.0
365,SIPO,56,645568.0
366,POJISTNE,22,18392.0
366,SIPO,22,53724.0
367,SIPO,16,102144.0
368,POJISTNE,61,16409.0
368,SIPO,61,267241.0
372,SIPO,35,272475.0
373,SIPO,26,167752.0
375,SIPO,26,99424.0
376,SIPO,41,290977.0
378,POJISTNE,28,56.0
378,SIPO,28,239036.0
378,UVER,15,57600.0
379,POJISTNE,27,4779.0
379,SIPO,27,42147.0
385,POJISTNE,64,7744.0
385,SIPO,65,140400.0
386,SIPO,12,56532.0
388,SIPO,42,274008.0
389,SIPO,59,52156.0
390,SIPO,33,164241.0
392,SIPO,24,33768.0
393,SIPO,42,12684.0
395,SIPO,65,251615.0
396,POJISTNE,65,20020.0
396,SIPO,65,340925.0
398,SIPO,10,17020.0
399,SIPO,21,126189.0
400,SIPO,61,423828.0
401,SIPO,67,241200.0
402,SIPO,11,22913.0
403,SIPO,60,144060.0
404,SIPO,39,60957.0
405,POJISTNE,16,57264.0
405,SIPO,15,144480.0
407,SIPO,13,70343.0
408,SIPO,60,302520.0
409,SIPO,26,177060.0
410,SIPO,21,80325.0
411,SIPO,66,560934.0
412,SIPO,31,270537.0
413,SIPO,25,52675.0
414,SIPO,30,236100.0
415,SIPO,66,576840.0
416,SIPO,24,23568.0
418,SIPO,36,335376.0
420,SIPO,35,251720.0
421,SIPO,9,50139.0
423,SIPO,65,126230.0
424,SIPO,18,82638.0
425,POJISTNE,64,4096.0
425,SIPO,64,152960.0
426,SIPO,56,419832.0
426,UVER,51,214251.0
427,SIPO,49,400134.0
428,SIPO,65,259155.0
429,SIPO,35,185010.0
431,SIPO,21,136122.0
434,SIPO,19,107654.0
435,SIPO,66,210474.0
436,POJISTNE,25,7325.0
436,SIPO,24,117240.0
437,SIPO,57,128136.0
440,SIPO,19,110675.0
440,UVER,9,15804.0
441,SIPO,55,167255.0
442,SIPO,7,39242.0
442,UVER,7,52185.0
444,SIPO,27,120663.0
445,SIPO,61,243878.0
446,SIPO,62,430342.0
447,SIPO,23,127742.0
449,SIPO,44,7216.0
450,SIPO,27,64908.0
452,SIPO,31,156798.0
453,SIPO,16,112192.0
454,SIPO,39,221793.0
455,SIPO,39,325221.0
458,SIPO,38,364268.0
460,SIPO,52,184808.0
461,SIPO,66,100980.0
462,SIPO,56,466200.0
463,SIPO,39,249015.0
464,SIPO,15,52635.0
465,SIPO,67,745442.0
467,SIPO,58,228346.0
468,SIPO,28,104580.0
469,SIPO,12,32064.0
470,POJISTNE,53,57134.0
470,SIPO,53,189104.0
471,POJISTNE,39,9867.0
471,SIPO,38,178410.0
472,UVER,19,155800.0
473,POJISTNE,22,1650.0
473,SIPO,22,93214.0
474,SIPO,32,22208.0
475,SIPO,15,41400.0
477,POJISTNE,66,30558.0
477,SIPO,67,178220.0
478,SIPO,48,390576.0
479,SIPO,33,68112.0
480,SIPO,19,89053.0
481,SIPO,27,1728.0
484,POJISTNE,43,4644.0
484,SIPO,43,71036.0
485,POJISTNE,70,250040.0
485,SIPO,70,519470.0
487,SIPO,27,288468.0
489,SIPO,62,347696.0
490,SIPO,39,79638.0
491,SIPO,26,236340.0
494,SIPO,64,558592.0
496,SIPO,66,237732.0
497,SIPO,64,217920.0
500,SIPO,30,98010.0
501,UVER,26,113958.0
502,SIPO,9,22482.0
503,SIPO,24,172200.0
506,POJISTNE,25,6950.0
506,SIPO,26,78286.0
508,SIPO,20,49600.0
510,POJISTNE,59,61537.0
510,SIPO,58,141636.0
512,SIPO,18,170082.0
513,SIPO,21,166068.0
514,SIPO,28,161280.0
515,SIPO,42,115500.0
516,SIPO,31,115816.0
517,SIPO,59,546045.0
518,SIPO,47,62886.0
519,SIPO,56,181720.0
520,SIPO,57,132924.0
521,SIPO,37,156658.0
522,SIPO,32,2464.0
524,SIPO,51,294168.0
525,SIPO,23,148442.0
525,UVER,17,74511.0
526,SIPO,24,121776.0
528,SIPO,20,58320.0
529,SIPO,12,40128.0
533,SIPO,39,51441.0
534,POJISTNE,14,18774.0
534,SIPO,14,24458.0
535,POJISTNE,50,38250.0
535,SIPO,51,358071.0
536,SIPO,22,38324.0
537,SIPO,19,35112.0
538,SIPO,50,134600.0
541,POJISTNE,59,331934.0
541,SIPO,59,178770.0
542,SIPO,58,159500.0
543,POJISTNE,51,33405.0
543,SIPO,51,32997.0
544,UVER,24,91152.0
545,SIPO,57,188442.0
546,SIPO,21,61740.0
548,SIPO,50,64250.0
549,SIPO,20,21340.0
550,SIPO,10,12470.0
552,SIPO,60,125820.0
555,POJISTNE,63,4473.0
555,SIPO,62,447516.0
557,SIPO,33,67650.0
558,SIPO,25,102025.0
559,SIPO,65,141375.0
560,SIPO,36,204588.0
561,SIPO,20,6860.0
563,SIPO,61,380945.0
564,SIPO,7,2065.0
565,SIPO,33,115797.0
569,SIPO,22,45628.0
570,SIPO,21,131733.0
571,SIPO,25,81375.0
572,POJISTNE,52,18148.0
572,SIPO,52,279344.0
575,SIPO,52,39312.0
576,SIPO,68,249016.0
577,SIPO,47,240640.0
578,POJISTNE,17,289.0
578,SIPO,16,87744.0
579,SIPO,7,19397.0
580,SIPO,27,96417.0
581,SIPO,21,31542.0
582,SIPO,49,137788.0
584,SIPO,25,57550.0
588,POJISTNE,64,32704.0
588,SIPO,65,204165.0
589,SIPO,16,91936.0
591,SIPO,12,33456.0
592,SIPO,19,21812.0
594,SIPO,45,92430.0
595,SIPO,20,94040.0
597,SIPO,56,343560.0
598,SIPO,18,140058.0
599,SIPO,21,65478.0
600,SIPO,16,95232.0
601,SIPO,61,136030.0
602,SIPO,34,108494.0
603,SIPO,26,113386.0
605,SIPO,19,130644.0
606,SIPO,10,71400.0
607,SIPO,41,85362.0
608,SIPO,40,115800.0
612,SIPO,27,52272.0
614,SIPO,14,23296.0
615,SIPO,29,8961.0
616,SIPO,57,106533.0
617,SIPO,24,313920.0
618,SIPO,23,17181.0
619,SIPO,38,65702.0
621,SIPO,27,9882.0
622,POJISTNE,13,33384.0
622,SIPO,13,81315.0
623,SIPO,65,27235.0
625,SIPO,26,297882.0
626,SIPO,57,207423.0
627,SIPO,66,543048.0
628,SIPO,56,169568.0
629,SIPO,48,57936.0
630,SIPO,61,144021.0
631,SIPO,28,67032.0
633,SIPO,32,101664.0
635,POJISTNE,45,97200.0
635,SIPO,43,72369.0
636,SIPO,16,48896.0
637,SIPO,23,44482.0
638,POJISTNE,38,33174.0
638,SIPO,38,94506.0
639,SIPO,10,20460.0
640,SIPO,63,182133.0
641,SIPO,14,46620.0
644,SIPO,9,8514.0
645,SIPO,11,148126.0
646,SIPO,31,151156.0
647,SIPO,16,103440.0
648,SIPO,57,526680.0
650,SIPO,42,71274.0
651,SIPO,57,151164.0
652,SIPO,68,516188.0
653,SIPO,11,59367.0
654,SIPO,45,129825.0
655,POJISTNE,64,12352.0
655,SIPO,65,123435.0
656,SIPO,23,125971.0
657,SIPO,61,65026.0
658,SIPO,31,83793.0
659,SIPO,19,34827.0
660,SIPO,31,38254.0
662,SIPO,49,163170.0
664,SIPO,20,59940.0
665,SIPO,36,149364.0
666,POJISTNE,28,26740.0
666,SIPO,28,110208.0
666,UVER,12,12540.0
669,SIPO,27,52569.0
673,SIPO,8,36688.0
674,SIPO,36,74088.0
675,SIPO,36,228888.0
675,UVER,21,35784.0
676,SIPO,35,105595.0
678,POJISTNE,58,114086.0
678,SIPO,58,69136.0
679,POJISTNE,13,3653.0
679,SIPO,13,52637.0
680,SIPO,13,63089.0
682,SIPO,14,20678.0
683,SIPO,25,214450.0
684,SIPO,27,52272.0
686,POJISTNE,65,63895.0
686,SIPO,64,141568.0
687,SIPO,26,37544.0
688,SIPO,57,143013.0
689,POJISTNE,29,493.0
689,SIPO,29,144681.0
690,SIPO,25,178800.0
691,SIPO,29,96918.0
692,SIPO,23,100418.0
693,SIPO,50,316450.0
694,SIPO,23,71208.0
695,SIPO,28,266448.0
696,SIPO,9,11691.0
697,SIPO,65,414180.0
698,SIPO,22,135894.0
700,SIPO,50,55800.0
702,SIPO,62,174406.0
703,SIPO,7,16142.0
704,SIPO,67,143447.0
705,SIPO,12,49932.0
710,SIPO,47,150400.0
711,SIPO,49,158907.0
713,SIPO,22,78782.0
714,SIPO,22,83204.0
715,POJISTNE,24,33072.0
715,SIPO,24,69048.0
717,SIPO,63,413343.0
718,POJISTNE,27,163107.0
718,SIPO,27,19602.0
718,UVER,12,76944.0
719,SIPO,55,109505.0
720,SIPO,37,144892.0
722,SIPO,11,99600.0
725,SIPO,26,67912.0
726,SIPO,55,175890.0
728,SIPO,32,36576.0
729,POJISTNE,18,1206.0
729,SIPO,17,31824.0
731,SIPO,37,100122.0
732,SIPO,27,138483.0
735,SIPO,10,13890.0
736,SIPO,8,16952.0
737,SIPO,56,157752.0
738,POJISTNE,62,227602.0
738,SIPO,62,60140.0
739,SIPO,28,154112.0
742,SIPO,54,110592.0
743,SIPO,58,156078.0
744,SIPO,65,140725.0
745,SIPO,11,21615.0
746,SIPO,39,134628.0
747,SIPO,60,160320.0
748,SIPO,64,415488.0
749,POJISTNE,17,867.0
749,SIPO,16,79440.0
750,SIPO,59,390285.0
751,SIPO,63,148869.0
752,SIPO,19,2641.0
753,SIPO,24,38448.0
754,SIPO,38,55252.0
755,SIPO,10,38890.0
757,SIPO,61,49410.0
759,SIPO,61,119072.0
760,POJISTNE,15,13635.0
760,SIPO,15,51045.0
762,SIPO,33,128535.0
763,SIPO,41,304097.0
764,SIPO,67,158120.0
766,SIPO,27,189864.0
767,POJISTNE,41,4469.0
767,SIPO,41,146124.0
768,SIPO,13,36582.0
771,SIPO,31,6634.0
772,POJISTNE,66,18480.0
772,SIPO,66,278850.0
773,SIPO,61,295900.0
775,SIPO,44,51392.0
776,POJISTNE,27,4590.0
776,SIPO,26,59202.0
780,SIPO,27,167940.0
782,SIPO,9,27846.0
783,SIPO,10,32420.0
784,POJISTNE,51,5559.0
784,SIPO,51,75735.0
785,SIPO,12,88740.0
785,UVER,11,47696.0
786,SIPO,36,178308.0
787,SIPO,57,250515.0
788,SIPO,25,77400.0
789,SIPO,42,90426.0
789,UVER,37,56314.0
790,UVER,41,177776.0
791,SIPO,32,97728.0
792,POJISTNE,11,6468.0
792,SIPO,12,5820.0
795,SIPO,42,124992.0
798,SIPO,27,58914.0
800,SIPO,9,19827.0
801,SIPO,13,33345.0
802,SIPO,43,80668.0
804,SIPO,30,70260.0
806,SIPO,22,50556.0
807,SIPO,38,478002.0
808,SIPO,37,352400.0
808,UVER,31,139260.0
809,SIPO,31,257238.0
810,SIPO,33,68508.0
812,SIPO,23,209944.0
813,UVER,12,24312.0
814,SIPO,23,36754.0
816,SIPO,59,266326.0
816,UVER,24,48624.0
817,SIPO,53,244065.0
817,UVER,46,412850.0
820,SIPO,33,6930.0
821,SIPO,29,41644.0
822,SIPO,22,39248.0
823,POJISTNE,10,6120.0
823,SIPO,10,620.0
824,SIPO,28,151368.0
825,SIPO,29,267815.0
825,UVER,12,53076.0
826,POJISTNE,23,3887.0
826,SIPO,22,100100.0
827,SIPO,30,67800.0
828,SIPO,18,159336.0
829,SIPO,22,46640.0
831,SIPO,23,52693.0
832,SIPO,27,57645.0
833,SIPO,24,83088.0
834,SIPO,15,37095.0
836,SIPO,25,3125.0
837,SIPO,59,545750.0
839,SIPO,43,182922.0
840,SIPO,29,133574.0
841,SIPO,58,122322.0
842,SIPO,41,134398.0
843,POJISTNE,16,14352.0
843,SIPO,16,15280.0
844,SIPO,52,85280.0
845,SIPO,8,77208.0
846,UVER,24,187104.0
848,POJISTNE,26,26650.0
848,SIPO,26,88400.0
850,SIPO,17,251787.0
851,SIPO,47,152938.0
853,SIPO,29,135517.0
854,POJISTNE,59,167737.0
854,SIPO,59,22538.0
854,UVER,43,78131.0
855,SIPO,52,343616.0
856,POJISTNE,29,3973.0
856,SIPO,30,108750.0
857,SIPO,59,178121.0
858,SIPO,25,136400.0
859,POJISTNE,11,18227.0
859,SIPO,11,5093.0
860,SIPO,64,516544.0
861,SIPO,60,546300.0
862,SIPO,67,209174.0
863,SIPO,66,401742.0
864,SIPO,13,48087.0
865,SIPO,29,11861.0
866,POJISTNE,67,33768.0
866,SIPO,67,31155.0
867,POJISTNE,10,4050.0
867,SIPO,8,77744.0
868,SIPO,15,48585.0
870,SIPO,41,187042.0
871,SIPO,24,124032.0
872,SIPO,18,49716.0
873,POJISTNE,15,33165.0
873,SIPO,16,14048.0
873,UVER,10,29750.0
874,SIPO,28,29484.0
875,SIPO,39,149643.0
876,SIPO,9,34164.0
877,SIPO,27,57105.0
878,SIPO,25,98575.0
880,SIPO,20,96800.0
882,SIPO,65,214890.0
883,POJISTNE,56,25480.0
883,SIPO,55,340725.0
885,SIPO,62,54064.0
886,SIPO,62,560108.0
887,SIPO,64,192576.0
888,SIPO,22,35024.0
889,SIPO,8,10336.0
890,SIPO,67,210112.0
891,SIPO,26,46384.0
892,SIPO,65,26390.0
894,SIPO,35,101990.0
895,SIPO,30,15690.0
896,SIPO,38,122360.0
897,SIPO,63,183330.0
898,SIPO,29,83578.0
900,SIPO,52,309400.0
901,SIPO,50,95500.0
902,POJISTNE,62,107012.0
902,SIPO,62,16120.0
903,SIPO,57,147060.0
905,POJISTNE,20,1060.0
905,SIPO,20,121720.0
907,SIPO,62,131316.0
910,SIPO,18,34866.0
911,SIPO,22,211200.0
913,POJISTNE,27,121473.0
913,SIPO,27,57456.0
915,SIPO,43,614513.0
915,UVER,39,251511.0
916,SIPO,24,127176.0
917,SIPO,34,158746.0
918,SIPO,15,151140.0
919,SIPO,18,87300.0
920,SIPO,24,58488.0
921,SIPO,22,27280.0
922,POJISTNE,39,64428.0
922,SIPO,40,35920.0
923,SIPO,30,62610.0
924,SIPO,32,9856.0
925,SIPO,66,356070.0
926,SIPO,22,38456.0
927,SIPO,16,25968.0
928,SIPO,64,291904.0
929,SIPO,62,364808.0
930,SIPO,61,570716.0
931,POJISTNE,57,26277.0
931,SIPO,57,56886.0
932,SIPO,25,69825.0
933,SIPO,32,82688.0
934,SIPO,8,25888.0
936,SIPO,29,80620.0
937,SIPO,36,63036.0
938,SIPO,7,22974.0
938,UVER,7,2597.0
940,UVER,31,146878.0
941,SIPO,50,193550.0
944,SIPO,65,348465.0
945,SIPO,10,82150.0
947,SIPO,63,97398.0
950,SIPO,59,525690.0
951,SIPO,28,66388.0
952,SIPO,9,44514.0
953,SIPO,36,63648.0
954,POJISTNE,31,59086.0
954,SIPO,31,11067.0
955,SIPO,24,177864.0
957,SIPO,32,68032.0
958,SIPO,27,107730.0
959,SIPO,29,16791.0
960,SIPO,46,273240.0
960,UVER,43,135493.0
961,SIPO,10,82550.0
963,SIPO,23,87377.0
965,SIPO,60,171180.0
967,SIPO,12,81888.0
968,SIPO,33,239646.0
970,SIPO,12,63120.0
971,SIPO,24,92640.0
973,SIPO,46,133814.0
975,SIPO,21,74550.0
976,SIPO,30,157320.0
977,SIPO,63,431298.0
978,SIPO,59,121658.0
979,SIPO,66,353364.0
980,SIPO,19,69008.0
981,SIPO,40,42760.0
982,POJISTNE,67,9916.0
982,SIPO,67,167835.0
984,SIPO,25,147775.0
986,SIPO,28,60088.0
987,SIPO,24,84672.0
988,SIPO,45,113040.0
989,SIPO,53,119886.0
990,SIPO,35,263830.0
991,SIPO,63,425124.0
992,POJISTNE,35,11725.0
992,SIPO,35,113085.0
993,UVER,6,10872.0
995,SIPO,35,75355.0
996,SIPO,12,23208.0
997,POJISTNE,15,10320.0
997,SIPO,15,15690.0
998,SIPO,57,435537.0
1000,POJISTNE,67,191084.0
1000,SIPO,67,212993.0
1002,POJISTNE,22,10340.0
1002,SIPO,22,28446.0
1003,SIPO,22,116072.0
1004,UVER,9,47133.0
1005,SIPO,66,521136.0
1006,POJISTNE,66,3960.0
1006,SIPO,65,25350.0
1008,SIPO,23,61893.0
1009,SIPO,36,270756.0
1010,SIPO,35,363600.0
1011,SIPO,44,311740.0
1011,UVER,36,122436.0
1012,UVER,21,85911.0
1013,SIPO,27,56187.0
1015,SIPO,14,54950.0
1016,SIPO,58,151902.0
1017,SIPO,48,215616.0
1018,SIPO,63,101682.0
1019,POJISTNE,66,41514.0
1019,SIPO,67,544509.0
1020,POJISTNE,28,280.0
1020,SIPO,28,52472.0
1021,SIPO,21,47439.0
1026,SIPO,12,97188.0
1027,SIPO,12,25404.0
1029,SIPO,28,227808.0
1030,SIPO,33,21912.0
1031,POJISTNE,38,1938.0
1031,SIPO,38,259046.0
1034,SIPO,16,67504.0
1035,SIPO,16,35104.0
1036,SIPO,31,126945.0
1037,POJISTNE,18,20826.0
1037,SIPO,18,19116.0
1038,SIPO,40,80240.0
1040,SIPO,22,154176.0
1043,SIPO,12,77196.0
1044,SIPO,33,95040.0
1045,SIPO,27,46710.0
1046,SIPO,40,295960.0
1047,SIPO,50,216950.0
1048,SIPO,63,242676.0
1049,SIPO,8,12360.0
1050,SIPO,65,368745.0
1053,SIPO,50,52150.0
1054,SIPO,66,312576.0
1056,SIPO,9,51228.0
1057,SIPO,60,185400.0
1058,SIPO,25,119025.0
1059,SIPO,39,9048.0
1061,SIPO,10,37900.0
1062,SIPO,61,478484.0
1064,SIPO,10,29180.0
1067,SIPO,25,195275.0
1068,POJISTNE,18,11376.0
1068,SIPO,18,85266.0
1068,UVER,3,12660.0
1069,SIPO,60,184800.0
1070,SIPO,28,143248.0
1071,UVER,59,248980.0
1072,SIPO,8,28160.0
1073,SIPO,54,207522.0
1075,SIPO,37,143116.0
1076,SIPO,46,121440.0
1078,SIPO,25,85575.0
1079,SIPO,59,613128.0
1080,SIPO,56,346360.0
1081,SIPO,19,47196.0
1082,SIPO,26,56914.0
1083,POJISTNE,21,91371.0
1083,SIPO,20,38600.0
1083,UVER,8,11328.0
1085,SIPO,11,93907.0
1088,SIPO,55,166760.0
1089,SIPO,33,24948.0
1090,SIPO,22,72974.0
1092,SIPO,38,215232.0
1093,SIPO,31,318091.0
1093,UVER,18,144414.0
1094,SIPO,24,33792.0
1095,POJISTNE,14,12544.0
1095,SIPO,14,15666.0
1096,SIPO,17,59296.0
1097,POJISTNE,25,14425.0
1097,SIPO,25,190900.0
1098,SIPO,56,34664.0
1100,POJISTNE,23,25369.0
1100,SIPO,23,4002.0
1101,SIPO,10,75530.0
1102,SIPO,29,103211.0
1104,SIPO,32,282880.0
1105,SIPO,48,88272.0
1106,UVER,20,160460.0
1107,SIPO,60,104760.0
1108,SIPO,41,1271.0
1110,SIPO,13,70551.0
1111,SIPO,29,114898.0
1113,SIPO,22,84414.0
1114,SIPO,60,201000.0
1115,SIPO,64,146752.0
1116,SIPO,61,493246.0
1117,SIPO,23,37720.0
1118,SIPO,62,225494.0
1120,SIPO,58,87464.0
1123,SIPO,58,141752.0
1124,SIPO,27,27810.0
1125,POJISTNE,11,11.0
1125,SIPO,11,130097.0
1126,SIPO,65,181415.0
1127,SIPO,67,419420.0
1128,SIPO,57,117990.0
1129,SIPO,42,193368.0
1130,SIPO,15,33615.0
1133,SIPO,58,121974.0
1134,SIPO,66,130218.0
1135,SIPO,37,64195.0
1136,SIPO,61,381189.0
1137,SIPO,31,65751.0
1139,POJISTNE,22,52492.0
1139,SIPO,22,26202.0
1140,SIPO,9,25110.0
1141,POJISTNE,18,4464.0
1141,SIPO,18,18504.0
1142,SIPO,33,68541.0
1144,SIPO,67,150750.0
1146,SIPO,59,202783.0
1151,SIPO,37,120731.0
1152,SIPO,64,139904.0
1153,SIPO,55,270490.0
1154,SIPO,14,48650.0
1155,SIPO,22,49720.0
1158,SIPO,52,112892.0
1159,SIPO,54,349380.0
1160,SIPO,25,87175.0
1161,SIPO,64,252608.0
1165,SIPO,16,132320.0
1166,SIPO,64,281408.0
1166,UVER,48,149040.0
1168,POJISTNE,46,2208.0
1168,SIPO,46,111872.0
1169,SIPO,54,418392.0
1170,SIPO,29,378653.0
1171,SIPO,8,63144.0
1174,POJISTNE,40,127280.0
1174,SIPO,40,28800.0
1176,SIPO,21,47607.0
1177,SIPO,8,4328.0
1178,SIPO,15,84585.0
1179,SIPO,66,185328.0
1181,POJISTNE,12,1476.0
1181,SIPO,12,41016.0
1183,SIPO,39,73398.0
1185,SIPO,14,36134.0
1187,SIPO,25,57200.0
1188,SIPO,25,110525.0
1190,SIPO,23,189727.0
1193,SIPO,56,410704.0
1194,SIPO,51,161721.0
1195,SIPO,19,35910.0
1196,SIPO,24,298680.0
1197,SIPO,59,152338.0
1199,SIPO,17,33116.0
1200,POJISTNE,64,201984.0
1200,SIPO,63,235809.0
1201,SIPO,60,352380.0
1203,POJISTNE,36,4248.0
1203,SIPO,37,17205.0
1204,SIPO,57,122778.0
1205,SIPO,46,137494.0
1206,SIPO,34,111486.0
1207,SIPO,63,582876.0
1208,SIPO,9,39834.0
1209,SIPO,10,35680.0
1211,POJISTNE,25,9300.0
1211,SIPO,24,73752.0
1212,SIPO,32,89760.0
1213,SIPO,27,80568.0
1214,SIPO,19,84911.0
1215,SIPO,18,45144.0
1216,SIPO,30,70470.0
1217,SIPO,58,8758.0
1219,SIPO,26,103636.0
1220,SIPO,37,102490.0
1222,SIPO,66,113982.0
1223,SIPO,25,34950.0
1226,SIPO,22,84172.0
1227,POJISTNE,31,30380.0
1227,SIPO,30,165330.0
1228,SIPO,40,79200.0
1229,SIPO,9,49545.0
1231,SIPO,54,188190.0
1233,SIPO,31,70060.0
1234,SIPO,60,134160.0
1235,SIPO,56,103208.0
1238,SIPO,33,74448.0
1239,SIPO,64,239616.0
1240,SIPO,11,47883.0
1241,POJISTNE,26,5902.0
1241,SIPO,26,35568.0
1242,POJISTNE,21,8862.0
1242,SIPO,21,103110.0
1242,UVER,16,85696.0
1244,POJISTNE,26,10556.0
1244,SIPO,27,24381.0
1244,UVER,22,16456.0
1245,SIPO,9,32499.0
1246,SIPO,48,155472.0
1247,UVER,42,87234.0
1248,SIPO,39,123864.0
1249,POJISTNE,41,55801.0
1249,SIPO,40,28160.0
1250,SIPO,28,1708.0
1250,UVER,25,95125.0
1251,SIPO,34,267580.0
1252,UVER,21,86415.0
1253,SIPO,16,61840.0
1256,SIPO,52,61256.0
1256,UVER,36,71064.0
1257,SIPO,33,144771.0
1258,SIPO,23,17457.0
1259,POJISTNE,16,7424.0
1259,SIPO,16,11584.0
1260,SIPO,21,138474.0
1261,SIPO,41,378102.0
1262,SIPO,18,50778.0
1264,SIPO,18,118890.0
1265,SIPO,30,56100.0
1266,SIPO,25,232275.0
1267,POJISTNE,24,504.0
1267,SIPO,25,56775.0
1268,SIPO,61,135420.0
1269,SIPO,53,362520.0
1270,SIPO,26,108212.0
1270,UVER,18,37386.0
1271,SIPO,26,107328.0
1273,SIPO,53,204739.0
1275,SIPO,26,49478.0
1276,POJISTNE,67,11323.0
1276,SIPO,68,261052.0
1277,SIPO,61,193675.0
1279,SIPO,10,35870.0
1280,SIPO,39,97149.0
1284,UVER,1,4376.0
1285,SIPO,63,454419.0
1286,SIPO,59,501500.0
1287,POJISTNE,41,21525.0
1287,SIPO,42,110166.0
1288,SIPO,57,168036.0
1289,SIPO,25,173750.0
1291,SIPO,49,65317.0
1292,POJISTNE,47,10387.0
1292,SIPO,47,77691.0
1293,SIPO,23,80132.0
1294,SIPO,44,61776.0
1295,SIPO,45,147690.0
1296,SIPO,20,32140.0
1297,SIPO,61,175558.0
1298,SIPO,30,174660.0
1299,SIPO,62,19654.0
1302,SIPO,56,219744.0
1303,SIPO,11,39611.0
1306,POJISTNE,41,77408.0
1306,SIPO,41,205943.0
1307,SIPO,44,145068.0
1308,SIPO,22,70532.0
1309,SIPO,40,407960.0
1311,SIPO,32,298464.0
1312,SIPO,45,76050.0
1314,SIPO,57,392673.0
1315,POJISTNE,40,126400.0
1315,SIPO,40,112520.0
1317,SIPO,53,185129.0
1318,POJISTNE,4,8060.0
1318,SIPO,4,34708.0
1318,UVER,2,10308.0
1319,POJISTNE,9,12258.0
1319,SIPO,9,55665.0
1320,POJISTNE,20,2980.0
1320,SIPO,20,87540.0
1321,SIPO,17,45611.0
1322,SIPO,62,92070.0
1323,SIPO,26,252720.0
1324,SIPO,21,57561.0
1326,POJISTNE,21,25347.0
1326,SIPO,21,2016.0
1329,SIPO,23,77464.0
1329,UVER,12,23520.0
1330,SIPO,21,165100.0
1331,SIPO,43,47128.0
1332,SIPO,64,304320.0
1333,SIPO,46,299368.0
1335,SIPO,35,187845.0
1336,SIPO,18,169668.0
1337,SIPO,60,195840.0
1338,POJISTNE,67,10519.0
1338,SIPO,67,304515.0
1340,POJISTNE,10,11200.0
1340,SIPO,10,8180.0
1342,POJISTNE,13,47645.0
1342,SIPO,12,30204.0
1345,SIPO,57,187758.0
1346,SIPO,14,22288.0
1348,POJISTNE,9,4428.0
1348,SIPO,9,45225.0
1349,SIPO,30,68760.0
1350,SIPO,17,116875.0
1351,SIPO,29,64583.0
1352,POJISTNE,46,17020.0
1352,SIPO,47,139872.0
1353,SIPO,51,33201.0
1354,SIPO,14,43120.0
1355,SIPO,12,43272.0
1357,SIPO,33,75570.0
1358,SIPO,28,83440.0
1361,SIPO,20,123900.0
1363,POJISTNE,17,1394.0
1363,SIPO,17,85782.0
1365,SIPO,28,64792.0
1366,POJISTNE,66,66.0
1366,SIPO,66,315018.0
1367,POJISTNE,23,16491.0
1367,SIPO,24,92928.0
1368,SIPO,22,97658.0
1369,SIPO,28,168140.0
1370,SIPO,22,40744.0
1371,SIPO,52,159848.0
1373,SIPO,61,99308.0
1374,UVER,15,121605.0
1375,SIPO,52,308360.0
1375,UVER,24,45336.0
1376,SIPO,35,95585.0
1377,SIPO,23,52256.0
1378,POJISTNE,65,45045.0
1378,SIPO,65,191945.0
1379,SIPO,10,69530.0
1380,SIPO,30,264870.0
1381,SIPO,57,154185.0
1382,SIPO,60,123540.0
1383,SIPO,28,60844.0
1385,SIPO,16,157344.0
1389,SIPO,15,95640.0
1389,UVER,4,20912.0
1390,SIPO,20,20220.0
1391,SIPO,20,61060.0
1392,SIPO,63,194103.0
1393,SIPO,20,105080.0
1394,SIPO,43,62522.0
1395,SIPO,32,109824.0
1396,SIPO,26,382382.0
1397,SIPO,64,532416.0
1399,POJISTNE,27,783.0
1399,SIPO,26,141102.0
1401,SIPO,60,147780.0
1402,POJISTNE,65,30615.0
1402,SIPO,65,134745.0
1403,SIPO,33,300960.0
1404,POJISTNE,62,3286.0
1404,SIPO,62,390972.0
1405,SIPO,27,60183.0
1406,SIPO,54,124308.0
1407,SIPO,19,282758.0
1407,UVER,11,57508.0
1410,SIPO,60,228960.0
1411,SIPO,61,315614.0
1412,POJISTNE,63,69930.0
1412,SIPO,62,58032.0
1413,POJISTNE,38,23560.0
1413,SIPO,38,76608.0
1414,POJISTNE,43,78131.0
1414,SIPO,43,82560.0
1417,SIPO,44,325336.0
1418,SIPO,18,121662.0
1419,SIPO,55,181775.0
1420,SIPO,38,68172.0
1422,SIPO,64,169920.0
1423,SIPO,35,83790.0
1424,SIPO,15,93360.0
1425,SIPO,62,252278.0
1426,SIPO,34,91154.0
1427,SIPO,34,205564.0
1429,SIPO,61,132126.0
1432,SIPO,12,163080.0
1434,SIPO,12,38568.0
1435,SIPO,21,166929.0
1436,SIPO,44,136576.0
1437,POJISTNE,43,2795.0
1437,SIPO,43,75379.0
1440,POJISTNE,59,3304.0
1440,SIPO,58,3248.0
1441,SIPO,46,111550.0
1442,SIPO,63,374850.0
1443,SIPO,10,75050.0
1444,SIPO,26,52624.0
1445,POJISTNE,29,31175.0
1445,SIPO,28,38108.0
1446,SIPO,43,209711.0
1447,SIPO,18,147780.0
1447,UVER,18,37530.0
1449,SIPO,60,169200.0
1450,SIPO,28,86884.0
1451,SIPO,61,227774.0
1453,SIPO,59,402380.0
1458,SIPO,55,179245.0
1460,SIPO,21,71757.0
1461,SIPO,28,243740.0
1463,SIPO,22,15818.0
1465,SIPO,38,72352.0
1467,SIPO,52,354328.0
1469,SIPO,32,114368.0
1470,SIPO,54,219240.0
1471,POJISTNE,25,4400.0
1471,SIPO,25,195575.0
1472,SIPO,37,130499.0
1473,SIPO,27,53568.0
1474,SIPO,23,61985.0
1476,SIPO,64,221888.0
1478,SIPO,21,250551.0
1479,SIPO,41,88642.0
1480,UVER,11,37675.0
1481,SIPO,66,136290.0
1482,POJISTNE,20,6700.0
1482,SIPO,20,53740.0
1483,SIPO,31,60822.0
1484,SIPO,22,51612.0
1485,SIPO,59,19824.0
1486,POJISTNE,31,69285.0
1486,SIPO,30,107760.0
1488,SIPO,16,93600.0
1491,SIPO,14,97524.0
1492,SIPO,22,34012.0
1493,SIPO,67,151688.0
1495,SIPO,58,177422.0
1496,POJISTNE,43,1419.0
1496,SIPO,42,291102.0
1497,SIPO,60,15660.0
1498,UVER,2,5526.0
1499,SIPO,57,208962.0
1500,SIPO,23,94737.0
1501,SIPO,24,55008.0
1502,SIPO,10,73380.0
1503,SIPO,28,88788.0
1504,SIPO,24,14856.0
1507,SIPO,61,403759.0
1508,SIPO,20,179340.0
1509,SIPO,51,252093.0
1510,SIPO,29,289565.0
1512,SIPO,55,485210.0
1513,POJISTNE,60,78960.0
1513,SIPO,60,97920.0
1514,SIPO,13,20111.0
1515,POJISTNE,62,180234.0
1515,SIPO,62,95356.0
1516,SIPO,58,132066.0
1517,SIPO,23,59823.0
1519,SIPO,37,127391.0
1520,SIPO,36,105948.0
1521,SIPO,29,87696.0
1523,SIPO,8,13472.0
1524,SIPO,17,45985.0
1525,SIPO,24,39000.0
1526,SIPO,42,186186.0
1527,UVER,32,145824.0
1528,SIPO,26,233800.0
1528,UVER,17,67677.0
1529,POJISTNE,28,2156.0
1529,SIPO,28,29652.0
1530,SIPO,39,144300.0
1532,SIPO,22,173866.0
1534,SIPO,62,461962.0
1535,SIPO,64,176448.0
1536,SIPO,66,871464.0
1538,SIPO,26,267488.0
1539,SIPO,65,381800.0
1540,SIPO,41,186140.0
1542,SIPO,27,71685.0
1544,SIPO,61,581086.0
1545,SIPO,63,165375.0
1546,SIPO,21,87633.0
1548,SIPO,43,90558.0
1549,SIPO,21,85092.0
1550,SIPO,28,131824.0
1551,SIPO,14,10458.0
1552,SIPO,55,289465.0
1554,SIPO,44,288244.0
1555,SIPO,20,65260.0
1556,SIPO,23,42251.0
1557,SIPO,20,45060.0
1558,SIPO,22,25256.0
1559,SIPO,47,376188.0
1560,POJISTNE,16,6992.0
1560,SIPO,16,53312.0
1561,SIPO,40,76960.0
1562,SIPO,36,69588.0
1565,POJISTNE,57,21831.0
1565,SIPO,57,34770.0
1566,POJISTNE,61,98942.0
1566,SIPO,61,266875.0
1567,POJISTNE,12,41460.0
1567,SIPO,12,5760.0
1568,POJISTNE,36,37008.0
1568,SIPO,37,162763.0
1570,SIPO,53,151845.0
1571,SIPO,25,192300.0
1572,SIPO,9,68364.0
1573,SIPO,8,29104.0
1574,SIPO,14,33460.0
1575,SIPO,66,197868.0
1576,SIPO,27,319032.0
1577,POJISTNE,22,6380.0
1577,SIPO,22,28204.0
1578,SIPO,44,80300.0
1579,SIPO,48,162096.0
1580,UVER,13,105222.0
1581,SIPO,34,195772.0
1582,SIPO,28,53676.0
1583,UVER,24,194256.0
1586,SIPO,22,121088.0
1588,SIPO,56,136808.0
1590,POJISTNE,41,22591.0
1590,SIPO,41,239727.0
1591,POJISTNE,16,2448.0
1591,SIPO,16,122880.0
1592,SIPO,47,10528.0
1593,SIPO,23,47978.0
1594,POJISTNE,17,918.0
1594,SIPO,17,77809.0
1596,SIPO,10,13060.0
1597,SIPO,38,90288.0
1598,SIPO,11,59818.0
1599,SIPO,33,44121.0
1600,SIPO,23,74382.0
1601,SIPO,66,177804.0
1602,SIPO,59,119947.0
1603,SIPO,63,148617.0
1603,UVER,12,78936.0
1604,SIPO,55,389840.0
1605,SIPO,57,191121.0
1607,SIPO,28,278824.0
1608,SIPO,10,34250.0
1610,SIPO,63,394254.0
1611,SIPO,29,11687.0
1613,SIPO,35,126980.0
1614,SIPO,28,161364.0
1615,SIPO,10,31240.0
1616,SIPO,19,50198.0
1617,SIPO,63,96768.0
1618,SIPO,19,43035.0
1619,SIPO,17,54740.0
1620,SIPO,38,73378.0
1621,SIPO,56,441672.0
1622,SIPO,28,65996.0
1623,SIPO,31,283960.0
1624,SIPO,28,28476.0
1625,POJISTNE,42,28518.0
1625,SIPO,43,7955.0
1628,SIPO,67,190950.0
1629,SIPO,34,106658.0
1630,SIPO,60,215700.0
1631,SIPO,23,63089.0
1633,SIPO,41,87945.0
1635,SIPO,55,312565.0
1636,SIPO,16,79424.0
1637,SIPO,67,51858.0
1638,SIPO,15,146235.0
1638,UVER,11,29436.0
1640,SIPO,36,172188.0
1641,POJISTNE,30,12690.0
1641,SIPO,30,225960.0
1642,SIPO,38,136686.0
1644,POJISTNE,63,1071.0
1644,SIPO,63,159642.0
1645,SIPO,22,199716.0
1646,SIPO,29,189109.0
1647,POJISTNE,13,156.0
1647,SIPO,13,31356.0
1650,SIPO,9,32841.0
1652,SIPO,62,212164.0
1653,SIPO,46,214176.0
1655,SIPO,28,119756.0
1656,SIPO,18,218034.0
1656,UVER,2,7908.0
1659,SIPO,19,53314.0
1662,SIPO,12,115512.0
1663,SIPO,21,46620.0
1664,SIPO,56,305424.0
1665,SIPO,15,23670.0
1666,SIPO,57,123348.0
1668,SIPO,17,55675.0
1669,SIPO,23,127926.0
1670,SIPO,31,38502.0
1671,SIPO,64,160448.0
1672,SIPO,28,109144.0
1673,SIPO,55,134585.0
1674,SIPO,35,133140.0
1675,SIPO,66,140250.0
1677,SIPO,20,110600.0
1678,SIPO,65,191880.0
1679,SIPO,24,122088.0
1680,SIPO,56,333480.0
1681,POJISTNE,13,13416.0
1681,SIPO,14,119700.0
1683,POJISTNE,22,7590.0
1683,SIPO,22,29524.0
1685,SIPO,24,191232.0
1686,SIPO,57,87324.0
1687,SIPO,15,22000.0
1688,SIPO,65,146185.0
1689,SIPO,59,125552.0
1690,SIPO,35,115885.0
1691,SIPO,33,23760.0
1692,SIPO,31,297300.0
1693,SIPO,13,146588.0
1695,SIPO,59,864822.0
1696,SIPO,38,82042.0
1697,POJISTNE,14,490.0
1697,SIPO,14,5712.0
1698,SIPO,29,279618.0
1698,UVER,29,114347.0
1699,SIPO,67,232021.0
1700,SIPO,32,216480.0
1701,SIPO,60,454260.0
1702,SIPO,41,192249.0
1703,SIPO,9,31986.0
1704,SIPO,35,114975.0
1705,SIPO,59,324618.0
1706,SIPO,43,88494.0
1707,SIPO,19,148770.0
1708,SIPO,45,203355.0
1709,SIPO,27,87129.0
1710,SIPO,14,28994.0
1711,POJISTNE,32,69056.0
1711,SIPO,32,5856.0
1712,SIPO,21,34146.0
1714,SIPO,47,142316.0
1716,SIPO,27,96525.0
1717,SIPO,8,20000.0
1718,SIPO,10,144560.0
1718,UVER,4,28712.0
1719,SIPO,60,166080.0
1722,SIPO,29,129688.0
1723,POJISTNE,10,46760.0
1723,SIPO,10,10920.0
1724,SIPO,14,22456.0
1726,POJISTNE,67,4958.0
1726,SIPO,67,297346.0
1727,POJISTNE,10,37230.0
1727,SIPO,10,17940.0
1728,SIPO,38,188252.0
1729,SIPO,11,72094.0
1730,SIPO,67,132526.0
1731,SIPO,67,176277.0
1732,SIPO,29,233450.0
1733,SIPO,21,121968.0
1734,SIPO,17,160327.0
1736,SIPO,18,65988.0
1737,SIPO,29,89987.0
1739,SIPO,25,249475.0
1740,SIPO,16,43408.0
1741,SIPO,39,92274.0
1742,SIPO,34,130118.0
1743,SIPO,62,141298.0
1744,SIPO,30,99510.0
1747,SIPO,11,9581.0
1749,SIPO,34,329052.0
1750,SIPO,67,269876.0
1756,SIPO,33,208131.0
1758,SIPO,25,234600.0
1759,SIPO,30,55680.0
1760,SIPO,33,48114.0
1761,POJISTNE,60,17640.0
1761,SIPO,60,182880.0
1762,POJISTNE,55,108460.0
1762,SIPO,55,46915.0
1762,UVER,36,248148.0
1763,SIPO,29,33234.0
1764,SIPO,12,63240.0
1765,SIPO,25,50275.0
1766,POJISTNE,47,2303.0
1766,SIPO,47,204591.0
1766,UVER,30,15030.0
1767,POJISTNE,58,60320.0
1767,SIPO,58,131428.0
1770,SIPO,54,450954.0
1771,SIPO,65,198380.0
1772,SIPO,42,503748.0
1772,UVER,33,185889.0
1773,SIPO,63,181251.0
1775,SIPO,65,152295.0
1776,SIPO,12,68520.0
1776,UVER,7,12600.0
1777,POJISTNE,22,36454.0
1777,SIPO,22,27280.0
1778,SIPO,41,140712.0
1779,POJISTNE,60,3660.0
1779,SIPO,60,181380.0
1780,SIPO,65,352885.0
1782,SIPO,63,203553.0
1783,SIPO,11,66033.0
1784,SIPO,63,112455.0
1785,SIPO,21,36162.0
1786,SIPO,62,546716.0
1787,SIPO,50,195100.0
1787,UVER,4,32132.0
1790,SIPO,12,25152.0
1791,SIPO,31,215636.0
1792,SIPO,56,95872.0
1793,SIPO,38,196916.0
1794,POJISTNE,13,2574.0
1794,SIPO,13,37271.0
1795,SIPO,12,46200.0
1796,SIPO,34,61506.0
1797,SIPO,49,187915.0
1798,POJISTNE,8,34528.0
1798,SIPO,8,20816.0
1799,SIPO,23,57822.0
1800,SIPO,29,147987.0
1801,POJISTNE,68,65008.0
1801,SIPO,68,283356.0
1801,UVER,36,165960.0
1802,SIPO,41,45592.0
1803,SIPO,37,54538.0
1805,SIPO,51,158610.0
1806,SIPO,67,170984.0
1807,SIPO,9,42579.0
1808,UVER,3,24099.0
1809,POJISTNE,57,391020.0
1809,SIPO,57,357333.0
1810,SIPO,36,213300.0
1811,SIPO,58,243948.0
1811,UVER,54,215514.0
1812,SIPO,22,25718.0
1813,SIPO,55,44660.0
1814,SIPO,11,33385.0
1815,SIPO,64,386368.0
1816,SIPO,58,163792.0
1817,SIPO,20,182620.0
1819,POJISTNE,18,148554.0
1819,SIPO,18,17388.0
1819,UVER,12,47892.0
1820,SIPO,51,397494.0
1821,SIPO,41,384785.0
1822,SIPO,64,127744.0
1823,SIPO,23,53981.0
1824,SIPO,55,17545.0
1825,SIPO,33,47025.0
1826,SIPO,51,505971.0
1827,SIPO,59,151453.0
1828,POJISTNE,46,7038.0
1828,SIPO,46,185656.0
1829,SIPO,66,243144.0
1830,SIPO,66,507672.0
1831,SIPO,59,120773.0
1832,POJISTNE,28,16268.0
1832,SIPO,28,91700.0
1833,SIPO,9,15066.0
1834,SIPO,60,485040.0
1835,SIPO,44,261272.0
1836,SIPO,30,199980.0
1837,SIPO,62,395994.0
1838,SIPO,39,348660.0
1839,SIPO,13,40209.0
1841,SIPO,13,36920.0
1843,SIPO,67,468598.0
1843,UVER,36,105804.0
1845,SIPO,10,125370.0
1847,SIPO,29,52635.0
1848,SIPO,49,170177.0
1851,SIPO,62,226238.0
1852,SIPO,61,134139.0
1854,SIPO,19,75012.0
1855,SIPO,21,60837.0
1857,SIPO,12,51540.0
1858,SIPO,42,158088.0
1859,SIPO,30,84780.0
1861,SIPO,62,97588.0
1862,UVER,26,171652.0
1863,POJISTNE,16,3216.0
1863,SIPO,16,53936.0
1865,SIPO,52,99580.0
1866,SIPO,8,40408.0
1869,UVER,11,11594.0
1872,SIPO,11,64746.0
1875,SIPO,59,182546.0
1876,SIPO,11,25619.0
1876,UVER,4,34840.0
1877,SIPO,56,67088.0
1881,SIPO,11,22506.0
1882,POJISTNE,55,3300.0
1882,SIPO,55,104885.0
1886,SIPO,29,121742.0
1886,UVER,29,130877.0
1887,SIPO,64,358912.0
1888,POJISTNE,22,71918.0
1888,SIPO,22,11220.0
1888,UVER,11,52580.0
1889,SIPO,42,138516.0
1891,POJISTNE,63,18459.0
1891,SIPO,64,130496.0
1892,SIPO,61,146278.0
1893,SIPO,26,163514.0
1895,SIPO,26,151060.0
1896,SIPO,59,558317.0
1897,POJISTNE,31,3999.0
1897,SIPO,30,253740.0
1899,SIPO,22,67782.0
1900,SIPO,25,177850.0
1901,SIPO,33,209715.0
1903,SIPO,25,46950.0
1904,POJISTNE,26,58682.0
1904,SIPO,26,77766.0
1905,POJISTNE,26,1872.0
1905,SIPO,26,91156.0
1906,SIPO,24,176520.0
1906,UVER,15,28095.0
1907,SIPO,16,130896.0
1908,SIPO,47,168918.0
1909,POJISTNE,67,62176.0
1909,SIPO,67,2881.0
1910,SIPO,23,19573.0
1912,SIPO,60,193920.0
1913,SIPO,26,67938.0
1914,SIPO,42,54138.0
1915,SIPO,16,64832.0
1916,SIPO,29,123801.0
1917,SIPO,32,94176.0
1918,SIPO,53,224243.0
1919,SIPO,44,199980.0
1920,SIPO,28,99960.0
1921,SIPO,14,32326.0
1924,SIPO,26,51012.0
1925,SIPO,61,235460.0
1926,SIPO,67,177081.0
1928,UVER,1,2318.0
1929,SIPO,13,26351.0
1930,SIPO,61,196603.0
1931,POJISTNE,56,72912.0
1931,SIPO,56,274288.0
1933,SIPO,17,64668.0
1934,POJISTNE,47,33840.0
1934,SIPO,47,67116.0
1936,SIPO,37,79217.0
1937,SIPO,63,184779.0
1938,SIPO,50,332300.0
1939,SIPO,27,83430.0
1940,SIPO,56,173936.0
1943,POJISTNE,21,56784.0
1943,SIPO,21,64260.0
1944,SIPO,65,438165.0
1946,SIPO,11,83523.0
1947,SIPO,57,196536.0
1948,SIPO,32,23392.0
1949,POJISTNE,51,2193.0
1949,SIPO,52,358176.0
1950,SIPO,13,90259.0
1951,POJISTNE,13,31733.0
1951,SIPO,12,8508.0
1954,SIPO,26,55640.0
1956,SIPO,15,70110.0
1957,SIPO,23,36685.0
1958,SIPO,45,132030.0
1959,SIPO,56,166600.0
1960,SIPO,8,16824.0
1961,SIPO,35,80255.0
1962,POJISTNE,29,51359.0
1962,SIPO,29,22330.0
1963,SIPO,31,98425.0
1964,SIPO,29,70702.0
1965,SIPO,66,629706.0
1966,SIPO,66,367554.0
1967,SIPO,35,495740.0
1967,UVER,32,166208.0
1968,SIPO,6,82200.0
1969,SIPO,52,280956.0
1970,SIPO,56,99344.0
1971,SIPO,36,238464.0
1972,SIPO,68,186048.0
1975,POJISTNE,47,80417.0
1975,SIPO,48,126000.0
1976,SIPO,16,54528.0
1978,POJISTNE,62,22072.0
1978,SIPO,62,434062.0
1978,UVER,36,205200.0
1980,SIPO,29,199491.0
1982,SIPO,14,52248.0
1986,SIPO,40,218040.0
1988,SIPO,20,53420.0
1989,SIPO,47,93154.0
1991,POJISTNE,21,7161.0
1991,SIPO,21,59997.0
1992,SIPO,10,41400.0
1993,UVER,11,62700.0
1994,POJISTNE,37,666.0
1994,SIPO,38,150556.0
1995,SIPO,13,38272.0
1997,SIPO,23,13363.0
1999,SIPO,62,165912.0
2000,POJISTNE,12,168.0
2000,SIPO,13,43134.0
2000,UVER,5,24235.0
2001,SIPO,51,638724.0
2002,SIPO,64,236032.0
2004,SIPO,25,136800.0
2005,POJISTNE,15,3135.0
2005,SIPO,15,28860.0
2006,SIPO,13,35932.0
2008,SIPO,64,34752.0
2009,SIPO,51,152745.0
2010,SIPO,55,213180.0
2011,POJISTNE,65,780.0
2011,SIPO,65,112190.0
2012,SIPO,28,107632.0
2015,SIPO,33,149655.0
2016,POJISTNE,18,2826.0
2016,SIPO,18,13338.0
2017,SIPO,29,53795.0
2018,SIPO,39,121485.0
2018,UVER,12,38520.0
2020,SIPO,60,139740.0
2022,SIPO,62,120466.0
2023,POJISTNE,66,69432.0
2023,SIPO,67,113029.0
2024,SIPO,18,126432.0
2025,SIPO,46,308384.0
2026,SIPO,22,42746.0
2027,SIPO,44,152944.0
2030,SIPO,47,203275.0
2032,POJISTNE,21,14490.0
2032,SIPO,20,57460.0
2033,SIPO,29,123946.0
2034,SIPO,24,209856.0
2035,POJISTNE,27,3267.0
2035,SIPO,27,226908.0
2035,UVER,11,53878.0
2037,SIPO,64,48768.0
2038,SIPO,60,94800.0
2040,SIPO,25,131550.0
2042,SIPO,18,22644.0
2043,SIPO,33,144078.0
2044,SIPO,44,370348.0
2045,SIPO,23,35328.0
2046,SIPO,21,8946.0
2047,SIPO,42,112140.0
2048,SIPO,17,42925.0
2049,SIPO,7,33978.0
2050,POJISTNE,58,11426.0
2050,SIPO,58,206712.0
2051,UVER,16,78368.0
2052,POJISTNE,58,15254.0
2052,SIPO,57,243846.0
2053,SIPO,9,39681.0
2054,POJISTNE,43,120486.0
2054,SIPO,43,63984.0
2055,SIPO,15,102660.0
2055,UVER,5,22605.0
2057,POJISTNE,14,10766.0
2057,SIPO,14,50022.0
2058,POJISTNE,23,115.0
2058,SIPO,23,58972.0
2060,SIPO,20,150460.0
2061,SIPO,62,123628.0
2062,SIPO,29,3103.0
2062,UVER,12,86196.0
2063,SIPO,57,87894.0
2064,UVER,16,37168.0
2065,SIPO,23,70725.0
2066,SIPO,24,55656.0
2068,POJISTNE,63,65961.0
2068,SIPO,63,10836.0
2069,POJISTNE,10,21080.0
2069,SIPO,11,5324.0
2070,SIPO,66,534072.0
2071,SIPO,15,1875.0
2072,SIPO,57,384522.0
2073,UVER,3,5580.0
2074,SIPO,30,70620.0
2076,SIPO,23,8786.0
2078,SIPO,60,215880.0
2080,SIPO,16,218048.0
2080,UVER,16,95376.0
2081,SIPO,13,26364.0
2082,POJISTNE,53,274911.0
2082,SIPO,57,46854.0
2083,SIPO,22,182204.0
2084,SIPO,23,104742.0
2085,POJISTNE,17,68765.0
2085,SIPO,17,36108.0
2088,SIPO,61,197640.0
2089,SIPO,15,115900.0
2090,SIPO,21,74172.0
2092,SIPO,48,364704.0
2094,SIPO,23,52624.0
2096,SIPO,38,141778.0
2101,POJISTNE,24,17328.0
2101,SIPO,24,23688.0
2102,SIPO,25,141550.0
2103,SIPO,19,28158.0
2104,SIPO,25,173175.0
2105,SIPO,29,44834.0
2106,SIPO,31,107508.0
2106,UVER,12,101520.0
2107,SIPO,21,134295.0
2108,SIPO,26,155324.0
2112,SIPO,25,119700.0
2114,SIPO,24,122448.0
2115,SIPO,21,40740.0
2116,SIPO,28,36596.0
2116,UVER,12,92400.0
2117,SIPO,24,186864.0
2118,SIPO,16,157936.0
2119,SIPO,35,199080.0
2121,SIPO,44,115500.0
2122,SIPO,68,521084.0
2124,SIPO,66,343662.0
2125,SIPO,10,32250.0
2127,SIPO,15,29925.0
2128,SIPO,56,201656.0
2131,SIPO,25,64000.0
2133,SIPO,11,23573.0
2134,SIPO,25,77950.0
2134,UVER,21,13377.0
2135,SIPO,13,35620.0
2138,SIPO,12,117456.0
2139,POJISTNE,38,238450.0
2139,SIPO,38,81852.0
2140,SIPO,57,132126.0
2141,SIPO,15,86940.0
2142,SIPO,11,107448.0
2142,UVER,10,19440.0
2143,SIPO,31,225184.0
2143,UVER,28,55580.0
2146,SIPO,63,151200.0
2147,SIPO,25,74125.0
2148,SIPO,34,78234.0
2149,SIPO,24,60864.0
2150,SIPO,59,119121.0
2151,POJISTNE,42,9366.0
2151,SIPO,43,227298.0
2152,SIPO,9,28719.0
2153,POJISTNE,31,68913.0
2153,SIPO,32,55584.0
2153,UVER,12,61560.0
2155,SIPO,50,36750.0
2156,SIPO,23,228183.0
2157,SIPO,33,300102.0
2159,SIPO,32,35776.0
2160,SIPO,21,127764.0
2161,SIPO,52,144040.0
2162,SIPO,12,101616.0
2163,SIPO,44,105732.0
2164,SIPO,23,173696.0
2165,SIPO,16,199888.0
2165,UVER,16,52400.0
2166,POJISTNE,16,84208.0
2166,SIPO,15,3930.0
2167,SIPO,60,355320.0
2167,UVER,24,170256.0
2169,SIPO,14,87290.0
2170,POJISTNE,51,306561.0
2170,SIPO,51,246738.0
2172,SIPO,11,37543.0
2173,SIPO,15,29265.0
2174,SIPO,6,26202.0
2176,SIPO,64,69440.0
2176,UVER,28,232624.0
2177,SIPO,68,215424.0
2178,SIPO,39,310401.0
2179,POJISTNE,39,9360.0
2179,SIPO,39,93054.0
2182,SIPO,13,68406.0
2184,SIPO,15,47475.0
2185,SIPO,42,84168.0
2186,SIPO,62,141546.0
2187,UVER,12,53472.0
2189,POJISTNE,63,176589.0
2189,SIPO,63,91287.0
2190,POJISTNE,24,66768.0
2190,SIPO,24,87576.0
2191,SIPO,25,169050.0
2192,POJISTNE,28,39984.0
2192,SIPO,28,160804.0
2193,SIPO,21,71904.0
2194,SIPO,18,168948.0
2196,SIPO,12,25920.0
2197,SIPO,13,110812.0
2199,SIPO,60,40080.0
2203,SIPO,41,95120.0
2204,SIPO,13,51402.0
2205,SIPO,27,82134.0
2206,SIPO,36,141480.0
2208,SIPO,13,27638.0
2209,SIPO,26,153062.0
2210,SIPO,24,61272.0
2211,SIPO,9,70767.0
2212,SIPO,31,99386.0
2213,SIPO,61,382653.0
2215,SIPO,9,21132.0
2216,SIPO,64,331776.0
2218,UVER,37,112258.0
2220,SIPO,66,183678.0
2223,SIPO,32,93760.0
2225,SIPO,30,58380.0
2226,SIPO,29,1160.0
2227,SIPO,47,629142.0
2227,UVER,24,92976.0
2228,SIPO,46,212750.0
2228,UVER,45,174330.0
2229,SIPO,19,182495.0
2230,SIPO,30,78360.0
2231,SIPO,9,19629.0
2232,SIPO,28,137648.0
2233,SIPO,31,62868.0
2234,POJISTNE,21,17031.0
2234,SIPO,21,26187.0
2235,SIPO,34,126820.0
2236,SIPO,20,290700.0
2236,UVER,18,69732.0
2237,POJISTNE,32,42240.0
2237,SIPO,32,156032.0
2239,SIPO,44,323620.0
2241,POJISTNE,65,1040.0
2241,SIPO,66,431970.0
2242,SIPO,65,359970.0
2243,SIPO,31,120590.0
2244,SIPO,37,62530.0
2245,UVER,47,340703.0
2246,UVER,23,159390.0
2247,POJISTNE,31,20429.0
2247,SIPO,31,18352.0
2247,UVER,22,66462.0
2250,SIPO,57,238374.0
2252,SIPO,23,14651.0
2253,SIPO,61,179584.0
2254,SIPO,30,266370.0
2256,SIPO,66,208032.0
2258,SIPO,21,46242.0
2259,SIPO,51,128520.0
2260,SIPO,45,258100.0
2261,SIPO,14,152500.0
2262,UVER,1,6395.0
2263,SIPO,28,221956.0
2264,SIPO,20,36200.0
2265,SIPO,33,398900.0
2267,SIPO,40,125720.0
2268,SIPO,42,241164.0
2268,UVER,29,16269.0
2269,SIPO,57,261117.0
2270,SIPO,17,61268.0
2272,SIPO,10,39860.0
2275,SIPO,23,150213.0
2276,SIPO,58,93670.0
2278,SIPO,25,28625.0
2279,UVER,7,45892.0
2280,SIPO,35,239435.0
2281,SIPO,37,211640.0
2282,SIPO,58,272832.0
2286,SIPO,20,23840.0
2287,SIPO,28,175700.0
2288,SIPO,31,167741.0
2289,SIPO,29,153961.0
2290,SIPO,21,83265.0
2291,SIPO,24,91800.0
2292,POJISTNE,38,5586.0
2292,SIPO,37,60162.0
2293,SIPO,65,151580.0
2294,SIPO,23,101798.0
2296,SIPO,10,35310.0
2297,POJISTNE,37,25493.0
2297,SIPO,37,30303.0
2298,SIPO,61,277550.0
2301,SIPO,34,234838.0
2302,SIPO,59,117351.0
2303,SIPO,21,165732.0
2305,SIPO,38,89500.0
2306,SIPO,56,66024.0
2307,SIPO,37,123432.0
2309,SIPO,33,283932.0
2310,SIPO,37,194583.0
2311,SIPO,10,67980.0
2312,SIPO,11,37312.0
2313,SIPO,64,347264.0
2315,SIPO,54,90342.0
2316,SIPO,13,27443.0
2317,SIPO,12,2340.0
2318,POJISTNE,58,37932.0
2318,SIPO,58,178698.0
2319,SIPO,20,190200.0
2322,POJISTNE,45,45855.0
2322,SIPO,44,147796.0
2322,UVER,24,46320.0
2323,SIPO,39,251394.0
2324,SIPO,15,62265.0
2325,POJISTNE,18,40860.0
2325,SIPO,18,24012.0
2326,SIPO,56,191632.0
2327,SIPO,62,818896.0
2328,SIPO,37,68302.0
2329,SIPO,24,105600.0
2330,SIPO,67,111354.0
2331,SIPO,40,26680.0
2332,SIPO,23,90137.0
2334,SIPO,29,310503.0
2334,UVER,17,34221.0
2335,POJISTNE,28,13580.0
2335,SIPO,29,59044.0
2335,UVER,10,90200.0
2336,SIPO,61,186538.0
2337,SIPO,13,38519.0
2339,SIPO,23,89539.0
2341,SIPO,32,50656.0
2342,SIPO,66,142824.0
2343,SIPO,44,207812.0
2343,UVER,24,99336.0
2344,SIPO,26,26052.0
2345,SIPO,58,209496.0
2345,UVER,49,163072.0
2346,POJISTNE,18,125460.0
2346,SIPO,21,7014.0
2347,SIPO,24,83448.0
2348,SIPO,30,91710.0
2349,SIPO,23,45816.0
2350,SIPO,21,12075.0
2350,UVER,20,66560.0
2351,SIPO,11,100903.0
2352,POJISTNE,42,168.0
2352,SIPO,43,239983.0
2352,UVER,32,26368.0
2353,SIPO,35,270620.0
2354,SIPO,16,145136.0
2357,SIPO,67,259223.0
2358,SIPO,35,213990.0
2359,SIPO,25,77975.0
2360,SIPO,23,174340.0
2361,SIPO,53,244489.0
2361,UVER,36,156672.0
2362,SIPO,19,42921.0
2363,SIPO,46,70150.0
2364,SIPO,39,79287.0
2365,SIPO,46,140806.0
2366,SIPO,14,5432.0
2367,SIPO,41,229641.0
2369,SIPO,12,87504.0
2370,SIPO,10,97470.0
2371,POJISTNE,3,3261.0
2371,SIPO,3,37530.0
2372,POJISTNE,13,1391.0
2372,SIPO,14,1512.0
2373,SIPO,22,52294.0
2374,SIPO,33,76923.0
2375,SIPO,51,14229.0
2376,SIPO,20,88560.0
2377,SIPO,44,13420.0
2378,SIPO,71,682452.0
2379,POJISTNE,67,3082.0
2379,SIPO,66,210540.0
2380,SIPO,18,75708.0
2381,SIPO,17,159086.0
2382,SIPO,53,165519.0
2383,POJISTNE,25,3475.0
2383,SIPO,24,45528.0
2386,SIPO,20,40840.0
2387,SIPO,25,85350.0
2388,SIPO,62,144336.0
2389,SIPO,27,105624.0
2390,SIPO,27,59562.0
2391,SIPO,9,44631.0
2393,SIPO,67,287564.0
2394,POJISTNE,10,7880.0
2394,SIPO,10,31310.0
2395,SIPO,25,92400.0
2396,SIPO,66,168168.0
2397,SIPO,25,77825.0
2400,SIPO,25,41000.0
2401,SIPO,48,133536.0
2402,SIPO,9,21456.0
2403,SIPO,30,90930.0
2404,SIPO,14,76832.0
2405,SIPO,17,108919.0
2406,SIPO,29,92394.0
2407,SIPO,24,175008.0
2408,SIPO,20,60340.0
2409,SIPO,30,150840.0
2410,SIPO,62,211420.0
2413,SIPO,10,64480.0
2413,UVER,3,4488.0
2414,SIPO,42,19530.0
2415,SIPO,17,124236.0
2416,SIPO,31,292175.0
2417,SIPO,60,79140.0
2419,UVER,12,95808.0
2420,SIPO,26,62426.0
2421,POJISTNE,42,15246.0
2421,SIPO,42,64848.0
2422,SIPO,12,33708.0
2423,SIPO,65,97110.0
2424,SIPO,34,480692.0
2425,SIPO,66,391776.0
2427,POJISTNE,55,128810.0
2427,SIPO,55,302280.0
2429,SIPO,66,447876.0
2431,POJISTNE,42,96810.0
2431,SIPO,41,50963.0
2432,SIPO,27,68958.0
2433,SIPO,66,115962.0
2434,SIPO,67,196109.0
2435,SIPO,57,450528.0
2437,SIPO,32,20992.0
2438,SIPO,8,46536.0
2439,SIPO,23,48208.0
2440,POJISTNE,7,8610.0
2440,SIPO,7,43533.0
2441,POJISTNE,20,15700.0
2441,SIPO,20,94380.0
2442,SIPO,11,5940.0
2443,SIPO,14,98476.0
2445,UVER,12,58632.0
2446,SIPO,43,273996.0
2447,SIPO,13,89843.0
2448,SIPO,14,14938.0
2450,SIPO,28,40740.0
2451,SIPO,16,111104.0
2452,SIPO,13,42172.0
2453,SIPO,65,142350.0
2455,SIPO,18,58716.0
2456,SIPO,35,334390.0
2456,UVER,32,133984.0
2457,SIPO,57,218538.0
2459,SIPO,11,21681.0
2463,SIPO,46,141542.0
2464,SIPO,64,355520.0
2465,SIPO,22,9988.0
2466,SIPO,17,629.0
2467,SIPO,62,330584.0
2468,SIPO,25,52350.0
2469,SIPO,30,66600.0
2470,POJISTNE,48,50016.0
2470,SIPO,49,221039.0
2471,POJISTNE,50,18150.0
2471,SIPO,50,163850.0
2472,SIPO,55,225995.0
2474,SIPO,28,3388.0
2475,POJISTNE,22,76538.0
2475,SIPO,22,3652.0
2476,SIPO,55,156970.0
2477,SIPO,18,55728.0
2479,POJISTNE,58,11832.0
2479,SIPO,59,178298.0
2482,POJISTNE,54,4590.0
2482,SIPO,54,398574.0
2483,SIPO,22,109912.0
2484,POJISTNE,68,40732.0
2484,SIPO,67,156981.0
2485,SIPO,12,23328.0
2486,UVER,12,24516.0
2487,POJISTNE,34,28628.0
2487,SIPO,34,62152.0
2488,SIPO,65,131950.0
2489,SIPO,65,250510.0
2490,SIPO,42,148092.0
2491,SIPO,30,30.0
2492,SIPO,11,35585.0
2493,SIPO,64,344000.0
2494,POJISTNE,51,114597.0
2494,SIPO,52,36036.0
2496,SIPO,51,254082.0
2496,UVER,36,99072.0
2497,SIPO,65,258050.0
2498,SIPO,30,126690.0
2499,POJISTNE,30,55740.0
2499,SIPO,30,3360.0
2501,POJISTNE,53,39485.0
2501,SIPO,53,27772.0
2502,SIPO,22,85470.0
2503,SIPO,65,408135.0
2504,SIPO,56,308728.0
2505,SIPO,26,3536.0
2506,SIPO,26,261976.0
2507,SIPO,20,91120.0
2508,SIPO,65,142545.0
2509,POJISTNE,16,31200.0
2509,SIPO,16,113168.0
2510,POJISTNE,59,53336.0
2510,SIPO,59,408398.0
2511,SIPO,52,140192.0
2513,SIPO,61,161955.0
2514,SIPO,36,144036.0
2516,UVER,18,174978.0
2517,SIPO,21,247149.0
2519,SIPO,67,107133.0
2520,SIPO,36,84780.0
2521,SIPO,38,228076.0
2523,POJISTNE,63,2583.0
2523,SIPO,63,114597.0
2524,SIPO,43,109650.0
2525,SIPO,39,93912.0
2526,SIPO,25,99100.0
2527,SIPO,66,381084.0
2528,SIPO,65,183560.0
2530,POJISTNE,26,96148.0
2530,SIPO,25,2475.0
2531,SIPO,19,30666.0
2532,SIPO,19,230527.0
2534,SIPO,62,135780.0
2535,POJISTNE,19,2907.0
2535,SIPO,19,81187.0
2536,SIPO,46,144256.0
2537,SIPO,19,257260.0
2538,SIPO,54,199206.0
2539,SIPO,16,30704.0
2541,POJISTNE,45,85365.0
2541,SIPO,45,81990.0
2542,POJISTNE,60,18480.0
2542,SIPO,60,26100.0
2543,SIPO,66,141570.0
2544,POJISTNE,21,693.0
2544,SIPO,21,61320.0
2545,POJISTNE,21,14973.0
2545,SIPO,21,55377.0
2545,UVER,10,89330.0
2546,POJISTNE,47,22560.0
2546,SIPO,47,140295.0
2547,SIPO,39,214188.0
2549,SIPO,57,118845.0
2550,POJISTNE,33,2211.0
2550,SIPO,32,218496.0
2551,SIPO,31,359631.0
2552,SIPO,62,436170.0
2553,SIPO,37,358419.0
2554,SIPO,62,471634.0
2555,SIPO,65,355160.0
2556,SIPO,10,20060.0
2557,SIPO,57,159942.0
2558,SIPO,13,25766.0
2559,SIPO,39,199797.0
2560,SIPO,13,14898.0
2561,SIPO,22,170808.0
2563,SIPO,43,128312.0
2564,SIPO,15,121290.0
2567,SIPO,31,79794.0
2568,POJISTNE,54,16524.0
2568,SIPO,53,277084.0
2569,SIPO,49,22687.0
2572,UVER,30,225000.0
2574,SIPO,66,630036.0
2575,SIPO,15,6105.0
2576,SIPO,62,502572.0
2577,SIPO,37,123839.0
2578,SIPO,28,79688.0
2579,SIPO,10,26880.0
2580,SIPO,34,170544.0
2580,UVER,29,43181.0
2581,SIPO,65,309985.0
2582,SIPO,58,80098.0
2584,SIPO,61,60634.0
2588,SIPO,57,371013.0
2589,SIPO,20,44720.0
2591,SIPO,27,89127.0
2592,SIPO,60,307740.0
2593,SIPO,26,189800.0
2594,SIPO,10,109120.0
2595,SIPO,11,38291.0
2596,SIPO,47,107395.0
2597,SIPO,17,23766.0
2599,SIPO,50,692300.0
2600,SIPO,32,140128.0
2602,SIPO,25,33300.0
2603,SIPO,26,83460.0
2604,SIPO,26,103090.0
2605,SIPO,31,131595.0
2606,SIPO,49,1519.0
2607,POJISTNE,12,10584.0
2607,SIPO,12,17196.0
2608,SIPO,37,177156.0
2610,SIPO,20,36840.0
2613,SIPO,59,55519.0
2614,SIPO,23,49496.0
2616,SIPO,60,491280.0
2617,SIPO,58,9628.0
2618,SIPO,64,206272.0
2619,SIPO,26,141804.0
2620,SIPO,60,231300.0
2621,SIPO,33,93027.0
2622,SIPO,24,169608.0
2622,UVER,7,39767.0
2623,SIPO,58,167678.0
2624,SIPO,29,311576.0
2625,SIPO,28,139384.0
2627,SIPO,46,72634.0
2631,SIPO,29,61625.0
2632,POJISTNE,67,154100.0
2632,SIPO,68,138856.0
2636,SIPO,20,65080.0
2637,SIPO,19,98686.0
2638,POJISTNE,50,226900.0
2638,SIPO,50,50900.0
2639,SIPO,63,543879.0
2640,SIPO,23,204056.0
2641,SIPO,64,328064.0
2642,POJISTNE,37,93832.0
2642,SIPO,38,30096.0
2644,SIPO,13,33319.0
2645,POJISTNE,62,338334.0
2645,SIPO,62,24118.0
2646,POJISTNE,10,3000.0
2646,SIPO,10,62320.0
2647,SIPO,66,349998.0
2649,POJISTNE,59,10443.0
2649,SIPO,60,347940.0
2650,SIPO,28,127764.0
2651,SIPO,64,695168.0
2652,SIPO,24,41640.0
2653,SIPO,19,119320.0
2654,SIPO,49,189189.0
2655,POJISTNE,25,33475.0
2655,SIPO,25,72500.0
2656,SIPO,17,6953.0
2657,SIPO,22,47828.0
2658,POJISTNE,9,3753.0
2658,SIPO,9,4374.0
2660,SIPO,48,676600.0
2661,SIPO,17,80988.0
2662,SIPO,50,181250.0
2663,SIPO,42,162834.0
2664,SIPO,55,189915.0
2666,SIPO,65,42055.0
2668,SIPO,15,148260.0
2670,SIPO,67,266526.0
2671,SIPO,59,117056.0
2672,SIPO,16,33776.0
2673,SIPO,56,98504.0
2676,POJISTNE,66,154968.0
2676,SIPO,66,99660.0
2677,POJISTNE,23,36777.0
2677,SIPO,23,90298.0
2679,SIPO,12,46104.0
2681,SIPO,43,200466.0
2685,SIPO,22,56672.0
2686,SIPO,32,63872.0
2687,SIPO,62,237460.0
2688,SIPO,42,117684.0
2689,SIPO,20,54540.0
2690,SIPO,17,34289.0
2692,SIPO,33,111738.0
2693,SIPO,8,46816.0
2694,SIPO,66,233112.0
2694,UVER,12,91632.0
2695,SIPO,58,227534.0
2696,SIPO,18,56070.0
2697,POJISTNE,61,38369.0
2697,SIPO,62,23436.0
2699,SIPO,19,71117.0
2699,UVER,4,19264.0
2700,POJISTNE,57,64011.0
2700,SIPO,57,297597.0
2701,SIPO,61,29829.0
2702,SIPO,31,109647.0
2703,SIPO,9,18738.0
2705,SIPO,61,654103.0
2705,UVER,36,93888.0
2707,SIPO,47,142504.0
2709,POJISTNE,21,336.0
2709,SIPO,22,43318.0
2711,SIPO,63,459900.0
2712,SIPO,64,190464.0
2713,SIPO,53,179511.0
2716,SIPO,32,31648.0
2717,SIPO,25,56775.0
2719,SIPO,30,86670.0
2720,SIPO,17,105502.0
2720,UVER,8,20864.0
2721,POJISTNE,9,1611.0
2721,SIPO,9,13896.0
2722,SIPO,13,21723.0
2723,SIPO,41,227386.0
2724,SIPO,24,153576.0
2725,POJISTNE,16,7376.0
2725,SIPO,17,54349.0
2725,UVER,2,3868.0
2726,SIPO,40,211880.0
2728,SIPO,13,145886.0
2728,UVER,6,15642.0
2729,SIPO,42,366786.0
2730,SIPO,28,63952.0
2731,SIPO,35,176540.0
2733,SIPO,56,43680.0
2734,POJISTNE,20,25860.0
2734,SIPO,19,16777.0
2736,SIPO,62,285448.0
2737,SIPO,26,115856.0
2738,SIPO,57,442434.0
2739,SIPO,57,23598.0
2742,SIPO,46,5888.0
2743,POJISTNE,14,26180.0
2743,SIPO,15,49950.0
2744,SIPO,16,230144.0
2745,POJISTNE,10,14650.0
2745,SIPO,10,10760.0
2746,SIPO,24,57696.0
2747,SIPO,48,183648.0
2749,SIPO,53,769560.0
2750,SIPO,40,70000.0
2751,SIPO,40,33040.0
2753,SIPO,30,206070.0
2753,UVER,15,41520.0
2754,SIPO,30,86460.0
2754,UVER,20,139700.0
2755,SIPO,43,21672.0
2756,SIPO,9,78318.0
2758,SIPO,62,290904.0
2759,SIPO,17,215764.0
2760,SIPO,17,91273.0
2761,SIPO,19,118522.0
2762,SIPO,68,468656.0
2762,UVER,24,111384.0
2763,SIPO,64,606720.0
2764,SIPO,24,24576.0
2765,SIPO,11,57794.0
2766,SIPO,17,59466.0
2767,POJISTNE,28,35700.0
2767,SIPO,28,130592.0
2768,SIPO,55,118525.0
2770,POJISTNE,56,27664.0
2770,SIPO,56,27664.0
2771,SIPO,60,437280.0
2772,SIPO,29,220226.0
2773,POJISTNE,25,900.0
2773,SIPO,25,83850.0
2774,SIPO,31,112468.0
2775,SIPO,8,69528.0
2776,SIPO,11,18117.0
2778,SIPO,56,10752.0
2779,POJISTNE,61,610.0
2779,SIPO,61,503982.0
2784,SIPO,9,29763.0
2787,SIPO,9,75204.0
2788,SIPO,46,174938.0
2789,POJISTNE,56,42672.0
2789,SIPO,56,166040.0
2790,SIPO,46,407652.0
2791,SIPO,7,22505.0
2792,SIPO,24,55848.0
2793,SIPO,58,133458.0
2795,POJISTNE,23,42987.0
2795,SIPO,23,39606.0
2796,SIPO,8,27048.0
2798,SIPO,48,292512.0
2799,POJISTNE,48,119664.0
2799,SIPO,48,50064.0
2800,SIPO,16,139840.0
2801,SIPO,22,77528.0
2802,SIPO,58,139896.0
2805,SIPO,27,54459.0
2806,SIPO,14,70952.0
2809,SIPO,45,79380.0
2810,POJISTNE,40,39080.0
2810,SIPO,41,16072.0
2811,SIPO,30,437520.0
2812,SIPO,25,205275.0
2813,POJISTNE,55,12485.0
2813,SIPO,55,43890.0
2814,SIPO,63,165501.0
2816,SIPO,16,62928.0
2818,SIPO,61,545767.0
2819,SIPO,49,426937.0
2820,SIPO,8,13160.0
2821,SIPO,24,94392.0
2824,SIPO,58,422762.0
2824,UVER,53,44573.0
2825,SIPO,25,132100.0
2826,SIPO,20,104800.0
2830,SIPO,37,258297.0
2831,POJISTNE,9,3267.0
2831,SIPO,9,32274.0
2833,SIPO,35,103950.0
2834,POJISTNE,33,14223.0
2834,SIPO,34,85510.0
2836,SIPO,33,312576.0
2838,SIPO,62,120776.0
2839,POJISTNE,41,15129.0
2839,SIPO,41,129437.0
2840,SIPO,47,530254.0
2841,SIPO,61,215696.0
2842,POJISTNE,55,47410.0
2842,SIPO,56,20048.0
2843,SIPO,17,131682.0
2845,SIPO,12,78708.0
2846,SIPO,10,24570.0
2847,SIPO,51,264435.0
2849,SIPO,59,159536.0
2850,SIPO,8,16304.0
2853,SIPO,35,86520.0
2854,SIPO,19,79534.0
2855,SIPO,35,55615.0
2856,SIPO,41,270559.0
2857,SIPO,14,88438.0
2858,SIPO,36,191988.0
2861,SIPO,66,172458.0
2862,SIPO,63,86373.0
2863,SIPO,31,29295.0
2864,POJISTNE,29,182932.0
2864,SIPO,29,25810.0
2865,POJISTNE,42,84.0
2865,SIPO,42,146244.0
2866,SIPO,35,199885.0
2867,SIPO,57,428811.0
2868,SIPO,50,165300.0
2869,SIPO,23,58926.0
2870,SIPO,26,152126.0
2871,SIPO,33,126357.0
2872,SIPO,24,96960.0
2872,UVER,19,84968.0
2873,POJISTNE,19,14459.0
2873,SIPO,19,68685.0
2876,SIPO,64,334784.0
2877,SIPO,39,206895.0
2878,SIPO,14,44688.0
2879,SIPO,10,71930.0
2880,SIPO,62,465062.0
2881,SIPO,67,310813.0
2882,SIPO,18,144036.0
2883,SIPO,13,32461.0
2884,SIPO,66,254364.0
2885,SIPO,24,189720.0
2886,SIPO,52,180544.0
2887,SIPO,25,141125.0
2888,SIPO,27,8235.0
2889,SIPO,29,146102.0
2890,SIPO,31,82491.0
2891,SIPO,15,69210.0
2895,SIPO,65,363870.0
2896,SIPO,65,120380.0
2897,SIPO,12,69012.0
2898,SIPO,21,139755.0
2899,SIPO,17,127551.0
2901,SIPO,16,78976.0
2902,SIPO,67,55275.0
2903,SIPO,50,391300.0
2906,POJISTNE,23,7843.0
2906,SIPO,23,56442.0
2907,SIPO,59,234997.0
2908,SIPO,16,51312.0
2909,SIPO,29,204044.0
2910,SIPO,9,61002.0
2910,UVER,4,29164.0
2911,POJISTNE,42,108024.0
2911,SIPO,42,25914.0
2912,UVER,34,215424.0
2913,SIPO,55,27445.0
2914,SIPO,24,43728.0
2916,POJISTNE,21,76230.0
2916,SIPO,21,44016.0
2917,SIPO,23,141611.0
2918,SIPO,7,73409.0
2919,SIPO,39,285909.0
2920,SIPO,9,49437.0
2921,SIPO,22,149534.0
2923,SIPO,43,119798.0
2925,SIPO,68,292196.0
2926,POJISTNE,67,58156.0
2926,SIPO,67,90316.0
2928,SIPO,55,196130.0
2929,SIPO,28,6328.0
2930,SIPO,25,300800.0
2931,SIPO,39,112476.0
2932,POJISTNE,65,260.0
2932,SIPO,65,319800.0
2933,SIPO,65,383955.0
2933,UVER,55,249810.0
2935,SIPO,39,81900.0
2936,SIPO,29,123163.0
2936,UVER,11,92400.0
2937,SIPO,17,54910.0
2938,POJISTNE,62,418996.0
2938,SIPO,62,123752.0
2939,SIPO,13,37466.0
2940,SIPO,65,465140.0
2942,SIPO,10,24510.0
2944,SIPO,31,92504.0
2945,SIPO,25,46350.0
2946,SIPO,27,72144.0
2947,SIPO,25,55700.0
2949,SIPO,45,35235.0
2950,SIPO,26,224978.0
2951,POJISTNE,59,27258.0
2951,SIPO,60,44580.0
2952,SIPO,16,26064.0
2953,SIPO,24,13920.0
2954,SIPO,16,132896.0
2955,SIPO,23,77878.0
2956,SIPO,13,117546.0
2957,SIPO,37,171680.0
2958,SIPO,58,189138.0
2960,SIPO,46,408664.0
2961,SIPO,25,15150.0
2962,UVER,12,31260.0
2963,SIPO,20,102020.0
2964,SIPO,19,43814.0
2965,SIPO,34,90032.0
2966,SIPO,19,86640.0
2967,POJISTNE,20,89780.0
2967,SIPO,21,55986.0
2968,SIPO,43,59942.0
2973,SIPO,23,100579.0
2974,SIPO,64,98944.0
2976,SIPO,24,203352.0
2977,SIPO,26,79430.0
2978,SIPO,44,141328.0
2979,SIPO,8,27952.0
2980,SIPO,56,185696.0
2981,SIPO,19,38418.0
2982,POJISTNE,27,6102.0
2982,SIPO,27,219861.0
2982,UVER,8,27504.0
2985,SIPO,64,135232.0
2986,SIPO,28,92428.0
2986,UVER,13,13429.0
2987,SIPO,59,328571.0
2988,UVER,5,36920.0
2989,SIPO,56,190120.0
2990,SIPO,23,506.0
2991,POJISTNE,63,441.0
2991,SIPO,63,580860.0
2992,SIPO,13,70148.0
2994,SIPO,28,90076.0
2994,UVER,27,36558.0
2995,SIPO,8,109500.0
2996,POJISTNE,51,5049.0
2996,SIPO,50,364100.0
2997,SIPO,11,21758.0
2998,POJISTNE,10,30.0
2998,SIPO,10,31700.0
2999,SIPO,22,61732.0
3004,SIPO,24,36528.0
3005,SIPO,10,68830.0
3005,UVER,7,56875.0
3006,SIPO,43,162669.0
3007,POJISTNE,67,374932.0
3007,SIPO,67,65861.0
3008,SIPO,66,139920.0
3009,SIPO,31,84909.0
3011,SIPO,60,122520.0
3012,SIPO,16,41616.0
3013,SIPO,9,27576.0
3016,SIPO,30,255510.0
3017,POJISTNE,47,55131.0
3017,SIPO,48,144912.0
3021,UVER,25,81050.0
3022,SIPO,22,69740.0
3023,SIPO,10,22130.0
3024,SIPO,20,12220.0
3025,SIPO,7,23478.0
3026,SIPO,66,529584.0
3027,SIPO,27,71037.0
3028,SIPO,58,127600.0
3029,SIPO,20,30280.0
3030,SIPO,50,14650.0
3031,SIPO,17,47413.0
3032,SIPO,62,177196.0
3035,SIPO,59,443916.0
3037,SIPO,36,224200.0
3037,UVER,16,123504.0
3039,SIPO,56,281960.0
3040,SIPO,25,55050.0
3041,POJISTNE,28,20804.0
3041,SIPO,28,3640.0
3042,SIPO,58,167272.0
3043,SIPO,20,55360.0
3044,SIPO,22,60632.0
3045,SIPO,38,89908.0
3046,SIPO,11,20779.0
3049,SIPO,47,92167.0
3050,POJISTNE,63,2583.0
3050,SIPO,63,612108.0
3050,UVER,12,82896.0
3051,POJISTNE,34,21182.0
3051,SIPO,34,139536.0
3053,SIPO,59,223610.0
3055,SIPO,26,33254.0
3056,SIPO,56,48608.0
3057,SIPO,12,55752.0
3059,POJISTNE,18,9522.0
3059,SIPO,18,25794.0
3060,SIPO,14,55440.0
3062,SIPO,11,29018.0
3064,SIPO,62,90210.0
3064,UVER,12,15420.0
3066,SIPO,24,77784.0
3067,SIPO,19,49476.0
3068,SIPO,63,244314.0
3069,SIPO,65,435760.0
3070,SIPO,12,40488.0
3071,SIPO,22,112684.0
3072,SIPO,63,331884.0
3075,SIPO,13,19799.0
3076,SIPO,64,173760.0
3077,SIPO,16,59168.0
3080,SIPO,33,110847.0
3082,SIPO,9,67464.0
3084,SIPO,30,267000.0
3084,UVER,24,169008.0
3085,SIPO,13,74399.0
3086,SIPO,57,286254.0
3088,SIPO,29,170114.0
3090,POJISTNE,18,11520.0
3090,SIPO,18,122922.0
3091,SIPO,57,280554.0
3092,SIPO,32,73952.0
3093,SIPO,20,84760.0
3094,POJISTNE,56,1176.0
3094,SIPO,55,298155.0
3096,POJISTNE,62,496.0
3096,SIPO,62,399652.0
3097,SIPO,11,4433.0
3098,SIPO,22,101310.0
3099,SIPO,63,201915.0
3100,SIPO,13,2886.0
3102,SIPO,8,53776.0
3104,SIPO,15,30060.0
3105,SIPO,9,19305.0
3107,SIPO,57,150594.0
3111,SIPO,33,120153.0
3112,SIPO,45,66060.0
3112,UVER,34,87278.0
3113,POJISTNE,56,20552.0
3113,SIPO,52,416052.0
3115,SIPO,29,426967.0
3115,UVER,25,133825.0
3116,SIPO,29,262073.0
3117,SIPO,66,235620.0
3118,SIPO,29,257694.0
3120,SIPO,26,75504.0
3121,SIPO,29,84158.0
3122,SIPO,15,74160.0
3124,POJISTNE,38,33288.0
3124,SIPO,38,138662.0
3125,SIPO,19,80655.0
3126,SIPO,24,95808.0
3127,SIPO,57,418038.0
3129,SIPO,56,151592.0
3130,SIPO,29,44834.0
3131,SIPO,34,310454.0
3132,POJISTNE,34,442.0
3132,SIPO,35,123200.0
3133,SIPO,62,197842.0
3134,SIPO,52,169936.0
3135,SIPO,56,381584.0
3136,SIPO,60,159300.0
3137,UVER,3,12681.0
3140,SIPO,15,35640.0
3141,SIPO,43,425915.0
3142,SIPO,47,92778.0
3143,SIPO,21,93954.0
3143,UVER,7,38178.0
3144,SIPO,29,109794.0
3145,SIPO,56,141512.0
3146,SIPO,58,123076.0
3147,POJISTNE,41,1353.0
3147,SIPO,41,316889.0
3148,SIPO,33,81774.0
3151,SIPO,29,10527.0
3152,SIPO,61,386679.0
3153,SIPO,28,88900.0
3154,SIPO,13,46917.0
3155,SIPO,23,200192.0
3157,SIPO,60,41640.0
3158,SIPO,22,46200.0
3160,SIPO,50,418200.0
3161,UVER,6,15006.0
3162,SIPO,27,252450.0
3163,POJISTNE,10,16200.0
3163,SIPO,10,23500.0
3164,SIPO,55,163405.0
3166,UVER,45,166635.0
3168,SIPO,66,217272.0
3169,SIPO,8,6688.0
3170,SIPO,30,125610.0
3171,SIPO,58,179916.0
3173,SIPO,63,137907.0
3174,SIPO,8,22872.0
3175,SIPO,23,75440.0
3176,SIPO,17,41888.0
3179,SIPO,23,58788.0
3180,SIPO,26,31460.0
3182,SIPO,19,122645.0
3183,SIPO,52,157248.0
3184,SIPO,53,180730.0
3185,SIPO,13,83252.0
3186,SIPO,38,283328.0
3188,SIPO,18,137214.0
3189,UVER,20,74060.0
3190,SIPO,19,58615.0
3191,SIPO,23,63802.0
3192,SIPO,24,30528.0
3193,SIPO,30,289230.0
3194,SIPO,16,121344.0
3195,POJISTNE,60,13080.0
3195,SIPO,59,94341.0
3196,SIPO,56,133784.0
3197,SIPO,56,112448.0
3199,SIPO,27,42417.0
3201,SIPO,52,174304.0
3202,SIPO,15,24195.0
3203,SIPO,36,75996.0
3205,SIPO,31,48484.0
3206,SIPO,26,63284.0
3208,SIPO,11,148400.0
3209,SIPO,8,45272.0
3210,SIPO,62,458056.0
3212,POJISTNE,60,5700.0
3212,SIPO,60,126720.0
3214,SIPO,15,40185.0
3216,SIPO,34,92208.0
3217,SIPO,18,147528.0
3218,SIPO,56,81144.0
3219,SIPO,28,246708.0
3221,SIPO,60,8880.0
3222,POJISTNE,60,35400.0
3222,SIPO,61,41114.0
3224,SIPO,21,54243.0
3225,SIPO,57,457710.0
3226,SIPO,48,21600.0
3227,POJISTNE,25,118550.0
3227,SIPO,25,68575.0
3228,SIPO,22,84634.0
3229,SIPO,35,238980.0
3229,UVER,12,39024.0
3230,UVER,27,57888.0
3231,SIPO,39,102804.0
3232,SIPO,23,55499.0
3233,SIPO,42,379848.0
3234,SIPO,34,90406.0
3235,SIPO,42,258258.0
3236,SIPO,17,5950.0
3237,SIPO,59,536605.0
3238,SIPO,31,251379.0
3239,SIPO,26,229788.0
3240,POJISTNE,25,7450.0
3240,SIPO,26,132860.0
3241,SIPO,60,182040.0
3242,SIPO,18,105084.0
3243,SIPO,56,217616.0
3244,SIPO,43,79894.0
3245,SIPO,13,50414.0
3246,SIPO,62,286502.0
3247,SIPO,27,26298.0
3248,SIPO,26,72618.0
3249,SIPO,22,180334.0
3249,UVER,12,68124.0
3250,SIPO,43,80840.0
3252,POJISTNE,38,5890.0
3252,SIPO,38,53428.0
3254,SIPO,36,184284.0
3256,SIPO,20,44640.0
3258,SIPO,54,462510.0
3259,SIPO,52,47424.0
3260,SIPO,65,550030.0
3261,SIPO,62,226114.0
3262,SIPO,14,116760.0
3264,SIPO,58,109388.0
3265,SIPO,31,429500.0
3266,SIPO,16,1904.0
3267,SIPO,61,390583.0
3270,SIPO,37,288822.0
3271,SIPO,21,53067.0
3272,POJISTNE,24,27024.0
3272,SIPO,24,11184.0
3273,UVER,9,70884.0
3274,SIPO,11,63525.0
3275,SIPO,50,6000.0
3276,POJISTNE,8,8136.0
3276,SIPO,8,13776.0
3279,SIPO,42,481404.0
3280,SIPO,27,46602.0
3281,SIPO,12,43128.0
3283,SIPO,64,558080.0
3284,SIPO,63,306936.0
3286,SIPO,29,341765.0
3287,SIPO,60,418080.0
3288,SIPO,46,113666.0
3289,SIPO,51,174369.0
3291,SIPO,20,50100.0
3292,SIPO,55,174350.0
3293,POJISTNE,13,754.0
3293,SIPO,12,38772.0
3293,UVER,1,7669.0
3294,SIPO,28,178332.0
3296,SIPO,28,142548.0
3300,SIPO,10,66320.0
3301,SIPO,28,138768.0
3302,POJISTNE,65,3705.0
3302,SIPO,65,89440.0
3304,SIPO,19,88540.0
3305,SIPO,32,704.0
3306,SIPO,60,327240.0
3309,POJISTNE,56,40936.0
3309,SIPO,57,138510.0
3310,SIPO,59,193343.0
3311,POJISTNE,21,72555.0
3311,SIPO,21,84735.0
3312,POJISTNE,21,6930.0
3312,SIPO,20,16260.0
3316,SIPO,64,617920.0
3319,SIPO,59,3894.0
3320,SIPO,33,68475.0
3322,SIPO,29,99209.0
3323,SIPO,59,206382.0
3324,SIPO,10,24710.0
3327,SIPO,64,123072.0
3328,SIPO,16,52800.0
3329,SIPO,22,203478.0
3329,UVER,12,19248.0
3330,SIPO,32,182816.0
3331,SIPO,17,65144.0
3336,SIPO,47,139778.0
3337,SIPO,19,109117.0
3338,SIPO,31,233461.0
3339,SIPO,23,77142.0
3342,SIPO,10,83350.0
3343,SIPO,12,26544.0
3344,SIPO,17,145129.0
3345,SIPO,56,131400.0
3346,SIPO,13,29588.0
3347,SIPO,23,60352.0
3348,SIPO,44,254628.0
3349,SIPO,29,220429.0
3350,SIPO,24,87864.0
3351,SIPO,29,78300.0
3352,SIPO,57,134520.0
3353,POJISTNE,23,9522.0
3353,SIPO,23,244168.0
3353,UVER,22,133892.0
3354,POJISTNE,58,89320.0
3354,SIPO,57,27873.0
3354,UVER,12,4980.0
3355,SIPO,54,139050.0
3357,SIPO,36,66276.0
3358,SIPO,29,50460.0
3359,SIPO,24,48912.0
3360,SIPO,9,82746.0
3361,SIPO,60,369240.0
3362,SIPO,43,313642.0
3363,SIPO,38,93594.0
3364,SIPO,44,241604.0
3365,SIPO,9,20682.0
3366,SIPO,29,114956.0
3367,SIPO,65,58760.0
3368,POJISTNE,35,6160.0
3368,SIPO,35,153615.0
3369,SIPO,44,1144.0
3371,SIPO,58,669842.0
3372,SIPO,51,501738.0
3373,SIPO,31,179056.0
3374,SIPO,43,256800.0
3376,SIPO,21,142674.0
3377,SIPO,20,64800.0
3378,SIPO,53,338511.0
3380,SIPO,57,249432.0
3381,SIPO,12,119652.0
3384,SIPO,34,99790.0
3385,SIPO,8,27632.0
3389,SIPO,32,156224.0
3390,POJISTNE,20,2100.0
3390,SIPO,20,17000.0
3390,UVER,10,33860.0
3391,SIPO,65,52845.0
3392,SIPO,38,233282.0
3393,SIPO,19,151867.0
3394,SIPO,22,4202.0
3395,SIPO,10,37120.0
3397,SIPO,25,235000.0
3398,SIPO,16,31840.0
3399,POJISTNE,23,6003.0
3399,SIPO,23,109204.0
3401,SIPO,8,33976.0
3402,SIPO,43,157208.0
3403,UVER,6,11970.0
3405,SIPO,53,399779.0
3406,SIPO,9,25380.0
3409,SIPO,30,95010.0
3410,POJISTNE,37,6253.0
3410,SIPO,37,129685.0
3411,SIPO,19,122417.0
3412,SIPO,19,12730.0
3413,POJISTNE,60,14820.0
3413,SIPO,61,265899.0
3415,SIPO,8,33424.0
3418,UVER,19,82042.0
3419,POJISTNE,45,110520.0
3419,SIPO,46,225860.0
3421,SIPO,43,371520.0
3422,SIPO,28,257936.0
3423,SIPO,9,9990.0
3424,POJISTNE,64,93632.0
3424,SIPO,64,318656.0
3425,SIPO,48,127008.0
3426,SIPO,24,314112.0
3427,SIPO,23,226389.0
3429,SIPO,55,29590.0
3430,SIPO,20,48520.0
3431,SIPO,23,198927.0
3432,SIPO,25,68350.0
3433,SIPO,14,32242.0
3435,SIPO,62,191580.0
3436,SIPO,38,85234.0
3437,SIPO,20,9560.0
3438,SIPO,19,54283.0
3439,SIPO,29,218689.0
3440,POJISTNE,34,680.0
3440,SIPO,35,266805.0
3442,SIPO,30,66900.0
3443,SIPO,25,68875.0
3446,SIPO,22,278498.0
3448,UVER,14,40054.0
3451,SIPO,28,198716.0
3452,SIPO,21,65709.0
3453,SIPO,39,275418.0
3454,SIPO,21,67368.0
3455,UVER,12,67476.0
3456,SIPO,59,88500.0
3457,SIPO,47,131412.0
3458,SIPO,38,43814.0
3460,UVER,7,20517.0
3462,SIPO,30,44730.0
3463,POJISTNE,11,28072.0
3463,SIPO,10,6460.0
3464,SIPO,40,112080.0
3465,SIPO,61,277123.0
3466,POJISTNE,41,30422.0
3466,SIPO,41,102459.0
3467,POJISTNE,27,1080.0
3467,SIPO,27,78273.0
3468,SIPO,29,113303.0
3469,SIPO,62,158348.0
3470,SIPO,18,44856.0
3471,SIPO,19,103474.0
3472,POJISTNE,24,5448.0
3472,SIPO,25,240575.0
3474,POJISTNE,37,38739.0
3474,SIPO,37,33855.0
3476,SIPO,31,26660.0
3477,SIPO,60,127920.0
3478,SIPO,47,230582.0
3479,SIPO,50,382500.0
3482,SIPO,43,130118.0
3483,SIPO,58,126034.0
3484,SIPO,50,331700.0
3485,SIPO,26,10374.0
3486,SIPO,35,72940.0
3487,SIPO,67,21708.0
3489,SIPO,44,148412.0
3489,UVER,24,44088.0
3491,POJISTNE,25,123825.0
3491,SIPO,25,38550.0
3492,SIPO,35,156975.0
3493,SIPO,61,138897.0
3494,SIPO,25,89975.0
3495,SIPO,21,106659.0
3497,POJISTNE,49,5782.0
3497,SIPO,48,77328.0
3498,SIPO,21,18564.0
3501,SIPO,7,53130.0
3502,SIPO,29,152482.0
3504,SIPO,23,77280.0
3505,SIPO,59,225557.0
3506,SIPO,15,53430.0
3507,SIPO,24,13368.0
3509,SIPO,59,178593.0
3511,SIPO,24,55512.0
3513,SIPO,65,292955.0
3514,SIPO,67,151822.0
3515,SIPO,26,66638.0
3518,SIPO,24,82512.0
3522,SIPO,27,65421.0
3524,SIPO,14,42840.0
3525,SIPO,33,101772.0
3526,SIPO,26,118534.0
3527,SIPO,19,64866.0
3528,SIPO,54,413370.0
3530,SIPO,31,61287.0
3531,SIPO,27,77436.0
3533,SIPO,48,102096.0
3534,SIPO,28,61292.0
3535,SIPO,58,123598.0
3536,SIPO,49,126861.0
3537,POJISTNE,11,550.0
3537,SIPO,12,7752.0
3540,SIPO,19,48735.0
3541,SIPO,17,28747.0
3544,SIPO,16,175600.0
3545,SIPO,65,478270.0
3546,SIPO,18,29844.0
3547,SIPO,61,163724.0
3548,SIPO,57,204402.0
3549,SIPO,23,75095.0
3550,POJISTNE,25,64100.0
3550,SIPO,25,131550.0
3551,POJISTNE,58,16820.0
3551,SIPO,58,102602.0
3552,POJISTNE,36,21672.0
3552,SIPO,36,240984.0
3555,SIPO,46,578588.0
3556,SIPO,12,50880.0
3556,UVER,3,8742.0
3557,SIPO,21,47502.0
3558,POJISTNE,62,200322.0
3558,SIPO,62,97960.0
3559,SIPO,31,136958.0
3560,SIPO,20,67000.0
3561,SIPO,9,16101.0
3562,UVER,7,51037.0
3565,POJISTNE,18,7380.0
3565,SIPO,18,8856.0
3566,SIPO,62,18228.0
3567,SIPO,43,49708.0
3568,SIPO,28,73528.0
3570,SIPO,56,214816.0
3571,SIPO,56,180544.0
3572,SIPO,33,97812.0
3574,SIPO,16,37248.0
3575,SIPO,60,304200.0
3576,SIPO,45,54585.0
3577,SIPO,15,119460.0
3578,SIPO,30,121530.0
3579,SIPO,48,166080.0
3580,SIPO,60,205800.0
3581,SIPO,16,58608.0
3582,SIPO,35,68635.0
3583,SIPO,43,132612.0
3584,SIPO,26,314028.0
3585,SIPO,25,71550.0
3587,SIPO,31,34348.0
3588,SIPO,26,40638.0
3589,SIPO,20,156860.0
3590,SIPO,27,241353.0
3591,SIPO,30,127830.0
3592,SIPO,68,228480.0
3593,SIPO,65,294060.0
3594,SIPO,55,191565.0
3595,SIPO,51,401268.0
3597,SIPO,29,90886.0
3598,SIPO,10,64350.0
3599,SIPO,53,172621.0
3600,SIPO,60,92220.0
3601,SIPO,37,66378.0
3603,SIPO,10,78830.0
3604,SIPO,56,218008.0
3605,POJISTNE,28,22484.0
3605,SIPO,28,123480.0
3608,SIPO,50,156200.0
3608,UVER,31,139066.0
3609,SIPO,60,127680.0
3610,SIPO,11,16522.0
3612,POJISTNE,48,204576.0
3612,SIPO,47,31772.0
3613,SIPO,60,241800.0
3614,POJISTNE,24,69264.0
3614,SIPO,24,29136.0
3615,SIPO,22,83182.0
3617,POJISTNE,57,79173.0
3617,SIPO,57,3249.0
3618,SIPO,58,511096.0
3621,SIPO,43,228717.0
3622,SIPO,46,446108.0
3623,SIPO,42,104580.0
3624,SIPO,26,310778.0
3625,SIPO,47,72568.0
3626,SIPO,21,64428.0
3628,POJISTNE,35,47005.0
3628,SIPO,35,62685.0
3629,POJISTNE,60,524520.0
3629,SIPO,60,113640.0
3629,UVER,43,113778.0
3631,SIPO,36,122652.0
3633,SIPO,19,133703.0
3635,SIPO,16,32720.0
3636,POJISTNE,51,241944.0
3636,SIPO,51,2040.0
3637,SIPO,34,165818.0
3637,UVER,12,14028.0
3638,SIPO,31,446927.0
3639,SIPO,19,63802.0
3640,SIPO,57,116280.0
3641,SIPO,42,90846.0
3645,SIPO,26,182546.0
3646,SIPO,35,99925.0
3647,SIPO,25,146050.0
3648,POJISTNE,27,459.0
3648,SIPO,27,48924.0
3649,SIPO,63,407484.0
3650,SIPO,51,400758.0
3651,SIPO,66,180048.0
3652,SIPO,18,54090.0
3653,SIPO,51,210528.0
3654,SIPO,60,416760.0
3655,POJISTNE,31,34844.0
3655,SIPO,32,94240.0
3657,SIPO,10,15330.0
3659,POJISTNE,18,39690.0
3659,SIPO,18,30096.0
3661,SIPO,31,102610.0
3663,SIPO,46,361652.0
3664,UVER,15,84870.0
3665,SIPO,5,21755.0
3667,SIPO,55,163625.0
3669,POJISTNE,56,116872.0
3669,SIPO,56,115192.0
3670,SIPO,63,186543.0
3671,SIPO,11,30547.0
3672,SIPO,28,66864.0
3673,SIPO,31,60109.0
3674,SIPO,64,608192.0
3674,UVER,12,23628.0
3675,SIPO,64,500736.0
3676,SIPO,26,86294.0
3677,SIPO,34,77622.0
3678,SIPO,65,390100.0
3678,UVER,41,216029.0
3679,SIPO,35,135415.0
3679,UVER,29,268772.0
3680,SIPO,29,29870.0
3681,SIPO,18,140346.0
3682,SIPO,62,171182.0
3683,SIPO,60,186840.0
3684,SIPO,54,181710.0
3687,SIPO,58,296148.0
3690,SIPO,11,49654.0
3691,SIPO,66,215622.0
3692,SIPO,16,52208.0
3693,SIPO,66,593472.0
3694,SIPO,26,116792.0
3695,SIPO,17,137717.0
3696,SIPO,26,93106.0
3697,SIPO,64,19200.0
3699,SIPO,61,432185.0
3700,SIPO,15,78450.0
3701,SIPO,58,164952.0
3702,SIPO,40,386000.0
3704,SIPO,67,204082.0
3706,SIPO,29,124642.0
3709,POJISTNE,30,7650.0
3709,SIPO,30,167370.0
3710,SIPO,42,194586.0
3711,SIPO,12,75700.0
3711,UVER,9,69147.0
3712,SIPO,47,117453.0
3714,POJISTNE,47,3619.0
3714,SIPO,47,151199.0
3717,SIPO,50,536350.0
3718,SIPO,52,109564.0
3719,SIPO,14,44758.0
3720,SIPO,60,177420.0
3721,SIPO,29,61712.0
3722,SIPO,8,64984.0
3725,SIPO,38,290396.0
3726,SIPO,26,176410.0
3727,POJISTNE,30,30900.0
3727,SIPO,30,197940.0
3729,SIPO,40,117640.0
3730,SIPO,47,91368.0
3732,SIPO,15,25020.0
3733,SIPO,23,255829.0
3735,SIPO,34,214268.0
3736,SIPO,28,98000.0
3737,SIPO,42,159810.0
3738,SIPO,60,345000.0
3741,SIPO,24,101472.0
3742,SIPO,16,47504.0
3743,POJISTNE,28,21196.0
3743,SIPO,28,153384.0
3745,SIPO,61,699609.0
3746,SIPO,27,117531.0
3747,POJISTNE,52,78000.0
3747,SIPO,52,124228.0
3747,UVER,12,76380.0
3749,SIPO,24,93696.0
3750,SIPO,41,318734.0
3751,SIPO,58,6380.0
3752,SIPO,45,144810.0
3752,UVER,12,18564.0
3753,SIPO,41,63140.0
3754,POJISTNE,30,27390.0
3754,SIPO,29,115304.0
3754,UVER,24,68544.0
3755,SIPO,31,418500.0
3756,SIPO,45,406035.0
3757,POJISTNE,11,8833.0
3757,SIPO,11,10857.0
3758,SIPO,35,140315.0
3759,SIPO,55,90310.0
3763,SIPO,35,113120.0
3764,SIPO,34,85204.0
3766,SIPO,12,114552.0
3767,SIPO,32,28192.0
3769,SIPO,27,55350.0
3770,SIPO,35,317100.0
3772,SIPO,33,256575.0
3773,SIPO,16,50336.0
3774,SIPO,23,132135.0
3775,SIPO,61,149328.0
3776,SIPO,21,99519.0
3778,SIPO,62,188170.0
3779,POJISTNE,37,109853.0
3779,SIPO,37,5883.0
3780,SIPO,33,12210.0
3781,SIPO,64,492864.0
3782,POJISTNE,16,169728.0
3782,SIPO,17,9401.0
3783,SIPO,32,97312.0
3784,SIPO,30,47490.0
3785,SIPO,65,422630.0
3787,SIPO,66,290862.0
3789,SIPO,20,224880.0
3791,POJISTNE,28,28924.0
3791,SIPO,28,103096.0
3792,SIPO,60,211080.0
3793,SIPO,26,148356.0
3794,SIPO,19,86184.0
3795,SIPO,29,70151.0
3796,SIPO,63,522963.0
3798,SIPO,11,13838.0
3799,POJISTNE,21,2856.0
3799,SIPO,21,98133.0
3800,SIPO,23,29762.0
3802,SIPO,27,88452.0
3803,SIPO,30,155640.0
3804,SIPO,53,34079.0
3804,UVER,12,63252.0
3805,SIPO,50,295400.0
3806,POJISTNE,27,486.0
3806,SIPO,27,86832.0
3807,SIPO,35,168980.0
3808,SIPO,60,117960.0
3809,POJISTNE,20,40.0
3809,SIPO,20,39300.0
3810,SIPO,38,108756.0
3811,SIPO,22,55330.0
3812,SIPO,43,91375.0
3813,POJISTNE,10,3330.0
3813,SIPO,11,62095.0
3817,SIPO,43,280747.0
3818,POJISTNE,68,276420.0
3818,SIPO,68,244528.0
3819,SIPO,20,142040.0
3820,SIPO,57,459078.0
3822,SIPO,59,687763.0
3824,SIPO,52,322296.0
3826,SIPO,41,185238.0
3828,SIPO,12,24120.0
3830,SIPO,15,82470.0
3832,SIPO,30,4800.0
3833,SIPO,12,81120.0
3834,POJISTNE,66,210474.0
3834,SIPO,66,205524.0
3834,UVER,12,23052.0
3835,SIPO,64,405568.0
3836,POJISTNE,8,42464.0
3836,SIPO,8,21408.0
3840,SIPO,53,135627.0
3841,SIPO,43,18920.0
3842,SIPO,17,47192.0
3845,SIPO,39,345774.0
3847,POJISTNE,38,33554.0
3847,SIPO,38,209000.0
3848,SIPO,25,181025.0
3849,SIPO,45,200115.0
3850,SIPO,60,122220.0
3851,SIPO,17,21998.0
3852,SIPO,11,2420.0
3854,SIPO,28,36120.0
3855,POJISTNE,36,28620.0
3855,SIPO,36,34200.0
3856,SIPO,20,45600.0
3859,UVER,10,51200.0
3860,SIPO,46,382858.0
3861,SIPO,19,80313.0
3862,SIPO,20,70160.0
3862,UVER,3,6243.0
3863,SIPO,58,493232.0
3864,POJISTNE,23,11753.0
3864,SIPO,23,7981.0
3865,SIPO,42,249774.0
3867,SIPO,13,71188.0
3868,SIPO,60,195540.0
3869,SIPO,48,305280.0
3870,SIPO,20,73460.0
3871,SIPO,67,10251.0
3872,POJISTNE,15,79515.0
3872,SIPO,14,23674.0
3874,SIPO,39,228579.0
3875,UVER,10,64140.0
3876,SIPO,40,482240.0
3877,SIPO,21,77931.0
3878,POJISTNE,46,3220.0
3878,SIPO,46,9936.0
3880,SIPO,24,46608.0
3881,SIPO,29,38251.0
3882,POJISTNE,61,4697.0
3882,SIPO,61,98088.0
3884,SIPO,21,105231.0
3887,SIPO,27,54351.0
3890,SIPO,30,164010.0
3891,SIPO,60,190320.0
3893,SIPO,20,30020.0
3894,SIPO,23,63135.0
3895,SIPO,36,158904.0
3896,SIPO,35,91070.0
3897,SIPO,15,80250.0
3898,SIPO,54,143100.0
3899,SIPO,26,79794.0
3902,SIPO,36,36576.0
3903,SIPO,43,283069.0
3904,SIPO,22,45650.0
3905,SIPO,17,130713.0
3906,UVER,10,55770.0
3907,UVER,9,50193.0
3908,SIPO,18,29340.0
3909,POJISTNE,66,40722.0
3909,SIPO,66,546414.0
3910,SIPO,19,50787.0
3912,SIPO,51,60027.0
3913,SIPO,22,161326.0
3914,SIPO,36,220248.0
3915,SIPO,65,618150.0
3916,POJISTNE,11,28270.0
3916,SIPO,11,119900.0
3916,UVER,6,16164.0
3917,POJISTNE,28,22092.0
3917,SIPO,29,68498.0
3918,SIPO,57,277305.0
3919,SIPO,10,35210.0
3922,SIPO,9,26577.0
3923,SIPO,65,327405.0
3924,SIPO,30,92790.0
3925,SIPO,37,157472.0
3926,SIPO,47,104904.0
3927,SIPO,57,109782.0
3930,SIPO,39,354939.0
3932,SIPO,25,39825.0
3934,SIPO,8,19168.0
3935,POJISTNE,65,42380.0
3935,SIPO,64,169472.0
3936,POJISTNE,39,16848.0
3936,SIPO,39,72501.0
3937,SIPO,31,104935.0
3938,SIPO,56,216664.0
3939,SIPO,61,315797.0
3941,SIPO,19,28690.0
3942,SIPO,21,281988.0
3942,UVER,14,41762.0
3943,SIPO,29,56318.0
3944,SIPO,35,40775.0
3946,SIPO,25,120800.0
3947,SIPO,31,76539.0
3948,POJISTNE,57,112233.0
3948,SIPO,56,17584.0
3950,SIPO,11,76505.0
3952,SIPO,29,10643.0
3953,UVER,9,47682.0
3954,SIPO,61,122854.0
3955,SIPO,61,251869.0
3956,SIPO,22,132770.0
3960,SIPO,66,211464.0
3963,POJISTNE,10,700.0
3963,SIPO,10,34770.0
3966,SIPO,31,54374.0
3967,UVER,20,47000.0
3969,SIPO,61,262239.0
3970,SIPO,32,286624.0
3971,POJISTNE,18,15426.0
3971,SIPO,17,161670.0
3972,SIPO,57,399684.0
3973,SIPO,32,222112.0
3974,SIPO,29,135430.0
3975,SIPO,47,106643.0
3976,SIPO,28,27076.0
3977,SIPO,59,175466.0
3978,POJISTNE,41,81877.0
3978,SIPO,41,148256.0
3979,SIPO,30,187680.0
3980,SIPO,64,87488.0
3982,SIPO,61,131333.0
3984,SIPO,19,34257.0
3985,SIPO,13,26091.0
3986,SIPO,14,55440.0
3987,SIPO,11,54912.0
3989,SIPO,41,85977.0
3990,SIPO,21,216552.0
3991,SIPO,19,36803.0
3992,SIPO,8,53904.0
3993,SIPO,31,236096.0
3995,POJISTNE,36,35388.0
3995,SIPO,35,126035.0
3996,SIPO,14,21154.0
3998,SIPO,28,66192.0
3999,POJISTNE,63,35469.0
3999,SIPO,63,302778.0
4003,SIPO,14,53004.0
4010,SIPO,23,136804.0
4013,SIPO,58,387788.0
4026,SIPO,19,49742.0
4033,SIPO,20,29880.0
4033,UVER,21,36876.0
4052,UVER,12,35376.0
4066,SIPO,50,344650.0
4071,SIPO,25,256800.0
4079,POJISTNE,59,18939.0
4079,SIPO,59,295531.0
4079,UVER,45,149040.0
4081,SIPO,36,295700.0
4081,UVER,17,97682.0
4088,POJISTNE,28,84.0
4088,SIPO,28,92820.0
4091,SIPO,13,55211.0
4099,POJISTNE,27,35046.0
4099,SIPO,27,52002.0
4099,UVER,17,14824.0
4116,SIPO,9,130032.0
4116,UVER,7,29400.0
4127,POJISTNE,22,1518.0
4127,SIPO,7,77735.0
4127,UVER,3,12600.0
4128,SIPO,10,145100.0
4131,SIPO,50,48700.0
4134,SIPO,68,403376.0
4144,SIPO,24,210072.0
4144,UVER,6,35496.0
4150,POJISTNE,13,975.0
4150,SIPO,13,39078.0
4156,SIPO,16,221700.0
4171,SIPO,56,802816.0
4186,SIPO,23,161644.0
4190,POJISTNE,34,42228.0
4190,SIPO,35,101535.0
4190,UVER,16,108208.0
4245,SIPO,52,235768.0
4253,SIPO,31,227664.0
4259,SIPO,53,504348.0
4259,UVER,24,79632.0
4260,SIPO,58,696348.0
4260,UVER,54,220104.0
4266,SIPO,19,172862.0
4268,SIPO,17,112982.0
4268,UVER,2,6998.0
4273,SIPO,21,208089.0
4293,SIPO,22,105534.0
4293,UVER,19,86659.0
4318,SIPO,64,857344.0
4320,UVER,11,47080.0
4330,SIPO,33,136620.0
4332,SIPO,8,63080.0
4336,SIPO,15,124740.0
4337,UVER,24,51408.0
4342,SIPO,29,177915.0
4342,UVER,13,54236.0
4346,SIPO,30,161670.0
4352,SIPO,61,226310.0
4354,SIPO,19,242364.0
4354,UVER,2,10922.0
4361,UVER,12,90156.0
4383,SIPO,21,175392.0
4386,SIPO,7,83678.0
4408,SIPO,46,237176.0
4413,SIPO,54,421308.0
4413,UVER,47,216670.0
4414,SIPO,59,219244.0
4414,UVER,24,97224.0
4415,POJISTNE,38,2926.0
4415,SIPO,38,174838.0
4415,UVER,12,74040.0
4418,POJISTNE,53,48018.0
4418,SIPO,53,315403.0
4423,SIPO,38,48526.0
4423,UVER,36,73836.0
4427,SIPO,62,310310.0
4427,UVER,12,87816.0
4434,SIPO,46,206770.0
4442,SIPO,24,206160.0
4447,UVER,26,139204.0
4448,UVER,36,192744.0
4456,UVER,11,58894.0
4462,UVER,16,44320.0
4467,SIPO,16,72896.0
4467,UVER,5,11975.0
4471,SIPO,14,158452.0
4473,SIPO,33,182424.0
4473,UVER,24,37584.0
4476,POJISTNE,45,139635.0
4476,SIPO,45,143775.0
4476,UVER,24,15192.0
4503,UVER,36,101520.0
4511,SIPO,58,228984.0
4533,SIPO,11,115269.0
4533,UVER,8,18032.0
4550,POJISTNE,19,8056.0
4550,SIPO,19,21147.0
4550,UVER,12,12264.0
4576,SIPO,63,357700.0
4576,UVER,36,300204.0
4580,SIPO,46,401258.0
4580,UVER,12,20220.0
4585,SIPO,26,105690.0
4585,UVER,26,35022.0
4616,SIPO,12,147120.0
4616,UVER,12,33348.0
4618,SIPO,19,221900.0
4618,UVER,15,41685.0
4626,UVER,12,33348.0
4631,UVER,12,43764.0
4650,SIPO,33,18282.0
4650,UVER,28,187600.0
4660,POJISTNE,20,8740.0
4660,SIPO,20,42420.0
4660,UVER,19,84664.0
4681,SIPO,37,185592.0
4681,UVER,21,71148.0
4715,UVER,21,85029.0
4725,SIPO,16,215392.0
4725,UVER,14,65436.0
4727,SIPO,42,150360.0
4727,UVER,24,107640.0
4746,UVER,16,54608.0
4774,SIPO,55,347300.0
4774,UVER,42,406938.0
4784,UVER,13,59436.0
4794,POJISTNE,20,62840.0
4794,SIPO,20,38440.0
4794,UVER,11,106678.0
4803,UVER,22,27104.0
4825,UVER,12,21396.0
4851,SIPO,28,119980.0
4851,UVER,24,141648.0
4852,SIPO,39,186966.0
4852,UVER,34,201450.0
4858,UVER,4,27932.0
4863,SIPO,29,95700.0
4863,UVER,12,76080.0
4894,UVER,24,117024.0
4907,POJISTNE,55,17875.0
4907,SIPO,54,212652.0
4907,UVER,36,74124.0
4937,SIPO,68,182716.0
4937,UVER,24,143904.0
4948,SIPO,29,136590.0
4948,UVER,25,149900.0
4949,UVER,16,96640.0
4969,SIPO,22,182798.0
4969,UVER,21,52563.0
4981,SIPO,31,152830.0
4981,UVER,25,93400.0
4994,UVER,28,201012.0
4995,UVER,33,118239.0
4999,SIPO,30,210840.0
4999,UVER,19,87191.0
5001,SIPO,32,297344.0
5001,UVER,24,110136.0
5011,SIPO,62,942500.0
5033,POJISTNE,37,81252.0
5033,SIPO,37,67340.0
5033,UVER,12,11400.0
5066,POJISTNE,33,4356.0
5066,SIPO,32,134592.0
5066,UVER,22,56518.0
5072,POJISTNE,28,29820.0
5072,SIPO,28,52164.0
5072,UVER,23,121716.0
5092,SIPO,38,73400.0
5118,SIPO,37,114515.0
5118,UVER,20,22180.0
5120,SIPO,58,174464.0
5120,UVER,48,323472.0
5126,SIPO,40,168320.0
5126,UVER,36,15264.0
5129,SIPO,65,957700.0
5133,POJISTNE,18,70434.0
5133,SIPO,18,5148.0
5133,UVER,11,52305.0
5164,SIPO,16,68176.0
5164,UVER,9,5589.0
5180,UVER,5,24485.0
5181,UVER,20,133060.0
5194,SIPO,42,325300.0
5196,SIPO,15,118575.0
5196,UVER,12,79836.0
5213,UVER,29,193923.0
5215,POJISTNE,61,22692.0
5215,SIPO,61,122.0
5215,UVER,12,14628.0
5228,UVER,24,173808.0
5256,UVER,36,194004.0
5263,SIPO,36,142200.0
5263,UVER,26,119730.0
5267,UVER,12,64668.0
5269,SIPO,25,19825.0
5269,UVER,23,45011.0
5270,UVER,24,79608.0
5283,SIPO,11,106139.0
5283,UVER,4,14236.0
5290,POJISTNE,15,20040.0
5290,SIPO,12,75516.0
5305,UVER,9,45099.0
5313,POJISTNE,63,60354.0
5313,SIPO,63,364833.0
5313,UVER,58,290638.0
5317,SIPO,22,95282.0
5317,UVER,22,55110.0
5358,SIPO,38,349258.0
5358,UVER,23,26197.0
5362,SIPO,24,153912.0
5362,UVER,16,67616.0
5385,SIPO,63,551502.0
5385,UVER,57,141873.0
5387,SIPO,55,202800.0
5395,UVER,16,70304.0
5422,POJISTNE,47,67445.0
5422,SIPO,47,39104.0
5422,UVER,31,190588.0
5423,POJISTNE,63,256284.0
5423,SIPO,64,28544.0
5428,SIPO,64,340200.0
5428,UVER,18,131058.0
5442,POJISTNE,65,66105.0
5442,SIPO,58,470380.0
5442,UVER,11,80091.0
5445,POJISTNE,18,11232.0
5445,SIPO,18,12330.0
5445,UVER,15,32790.0
5477,SIPO,31,196602.0
5477,UVER,15,109185.0
5481,UVER,48,209184.0
5541,SIPO,40,124560.0
5541,UVER,29,19720.0
5572,SIPO,12,135768.0
5572,UVER,8,18784.0
5574,SIPO,49,582022.0
5574,UVER,12,44628.0
5591,POJISTNE,29,10005.0
5591,SIPO,29,9367.0
5591,UVER,23,85054.0
5593,SIPO,32,193568.0
5593,UVER,12,44376.0
5602,UVER,12,44376.0
5622,SIPO,68,430236.0
5622,UVER,12,83016.0
5628,UVER,44,165308.0
5632,UVER,41,195160.0
5650,SIPO,43,452790.0
5650,UVER,24,98592.0
5698,SIPO,10,101200.0
5698,UVER,1,2756.0
5700,UVER,36,62208.0
5708,SIPO,11,117200.0
5724,POJISTNE,39,10959.0
5724,SIPO,39,104988.0
5724,UVER,24,116280.0
5726,SIPO,26,277400.0
5735,UVER,31,150195.0
5742,UVER,36,174420.0
5758,POJISTNE,12,95952.0
5758,SIPO,12,36756.0
5767,SIPO,62,17300.0
5774,SIPO,38,53694.0
5774,UVER,24,31176.0
5794,UVER,32,65920.0
5817,SIPO,22,68310.0
5837,UVER,15,74085.0
5891,UVER,12,65184.0
5912,SIPO,21,206766.0
5912,UVER,6,18462.0
5927,SIPO,57,295400.0
5927,UVER,43,78131.0
5944,SIPO,14,65590.0
5944,UVER,6,9840.0
5952,POJISTNE,60,221040.0
5952,SIPO,59,178652.0
5952,UVER,24,141240.0
5991,SIPO,56,110768.0
5991,UVER,48,61056.0
6030,UVER,24,28248.0
6034,UVER,48,371616.0
6040,POJISTNE,64,320960.0
6040,SIPO,64,168640.0
6040,UVER,24,11736.0
6051,SIPO,60,200300.0
6051,UVER,35,268975.0
6061,SIPO,16,136336.0
6061,UVER,7,3003.0
6062,SIPO,24,254592.0
6062,UVER,8,42848.0
6075,SIPO,22,74100.0
6075,UVER,3,25497.0
6083,SIPO,23,238900.0
6083,UVER,12,90216.0
6097,SIPO,14,44170.0
6097,UVER,14,10192.0
6118,SIPO,54,314900.0
6118,UVER,33,248094.0
6138,SIPO,18,195642.0
6138,UVER,17,47889.0
6148,SIPO,55,431585.0
6148,UVER,24,59760.0
6157,SIPO,22,209506.0
6157,UVER,12,61980.0
6158,UVER,11,56815.0
6226,UVER,48,318912.0
6265,SIPO,24,174576.0
6265,UVER,19,69160.0
6273,UVER,24,87360.0
6289,UVER,29,51765.0
6321,SIPO,42,604500.0
6353,SIPO,56,32816.0
6353,UVER,47,62604.0
6358,SIPO,39,509964.0
6358,UVER,29,163357.0
6363,UVER,12,17508.0
6397,UVER,27,81459.0
6400,POJISTNE,29,214484.0
6400,SIPO,28,204960.0
6400,UVER,18,54306.0
6425,SIPO,52,306300.0
6425,UVER,12,36684.0
6434,SIPO,31,151621.0
6434,UVER,24,110136.0
6440,UVER,12,34572.0
6453,POJISTNE,25,13525.0
6453,SIPO,25,37850.0
6453,UVER,7,2128.0
6461,UVER,18,75474.0
6463,SIPO,37,456800.0
6472,UVER,12,43164.0
6473,UVER,10,64090.0
6495,SIPO,25,215150.0
6495,UVER,8,69976.0
6505,UVER,3,9624.0
6510,UVER,20,64160.0
6555,UVER,36,212400.0
6592,SIPO,24,258120.0
6592,UVER,16,104176.0
6602,SIPO,13,80500.0
6609,SIPO,33,128073.0
6609,UVER,26,43446.0
6636,SIPO,58,26000.0
6649,UVER,19,31749.0
6678,UVER,18,110394.0
6686,UVER,12,58248.0
6688,POJISTNE,25,14250.0
6688,SIPO,26,45578.0
6688,UVER,26,16588.0
6699,SIPO,25,182575.0
6699,UVER,15,39750.0
6701,UVER,36,95400.0
6706,POJISTNE,19,15485.0
6706,SIPO,20,39640.0
6706,UVER,6,6486.0
6715,UVER,46,105708.0
6738,UVER,12,37908.0
6792,POJISTNE,27,11421.0
6792,SIPO,27,95040.0
6792,UVER,12,17184.0
6856,POJISTNE,37,257705.0
6856,SIPO,37,94609.0
6856,UVER,20,69080.0
6902,SIPO,22,82236.0
6902,UVER,12,16440.0
6922,UVER,1,5812.0
6924,SIPO,51,233835.0
6924,UVER,37,150220.0
6927,SIPO,26,305300.0
6930,UVER,24,25944.0
6950,SIPO,22,188342.0
6950,UVER,22,218020.0
6985,SIPO,35,460845.0
6985,UVER,29,77952.0
7045,UVER,18,108270.0
7049,UVER,7,57771.0
7052,UVER,12,21324.0
7082,POJISTNE,23,345.0
7082,SIPO,23,146257.0
7082,UVER,11,44495.0
7099,POJISTNE,24,12672.0
7099,SIPO,24,5664.0
7099,UVER,7,34181.0
7123,SIPO,52,758212.0
7123,UVER,12,47016.0
7133,POJISTNE,59,6785.0
7133,SIPO,59,158297.0
7133,UVER,36,48672.0
7136,POJISTNE,38,20786.0
7136,SIPO,38,41040.0
7136,UVER,27,55593.0
7156,UVER,8,16496.0
7176,SIPO,20,122200.0
7176,UVER,13,44187.0
7180,SIPO,14,113246.0
7180,UVER,1,4157.0
7181,POJISTNE,28,448.0
7181,SIPO,28,140840.0
7181,UVER,7,29099.0
7184,POJISTNE,38,26258.0
7184,SIPO,38,130492.0
7184,UVER,24,155640.0
7190,SIPO,59,318246.0
7190,UVER,43,45408.0
7240,SIPO,27,246672.0
7240,UVER,11,27896.0
7262,SIPO,23,43700.0
7262,UVER,23,28083.0
7274,SIPO,11,50633.0
7274,UVER,10,40870.0
7401,SIPO,65,472290.0
7401,UVER,24,80952.0
7418,SIPO,32,479200.0
7418,UVER,8,20184.0
7424,POJISTNE,27,4428.0
7424,SIPO,27,184059.0
7424,UVER,12,30276.0
7437,POJISTNE,12,2736.0
7437,SIPO,12,82812.0
7437,UVER,8,18456.0
7445,UVER,24,55368.0
7454,SIPO,63,145278.0
7454,UVER,48,63312.0
7465,POJISTNE,9,2718.0
7465,SIPO,8,11128.0
7485,SIPO,60,616740.0
7485,UVER,24,91200.0
7487,SIPO,27,197883.0
7523,SIPO,48,345500.0
7523,UVER,36,288468.0
7542,SIPO,26,95758.0
7542,UVER,14,137858.0
7546,POJISTNE,48,2352.0
7546,SIPO,48,185328.0
7546,UVER,12,41952.0
7559,SIPO,14,57568.0
7559,UVER,6,6396.0
7562,UVER,36,232200.0
7565,SIPO,29,192821.0
7565,UVER,16,51168.0
7594,POJISTNE,29,39063.0
7594,SIPO,29,66758.0
7594,UVER,13,35334.0
7606,SIPO,44,187792.0
7606,UVER,37,118326.0
7607,SIPO,59,355180.0
7607,UVER,24,31728.0
7614,UVER,31,207049.0
7632,SIPO,22,211838.0
7632,UVER,12,42612.0
7636,SIPO,24,73848.0
7636,UVER,11,38852.0
7637,SIPO,23,216131.0
7637,UVER,23,186921.0
7674,SIPO,27,39879.0
7674,UVER,21,82677.0
7713,SIPO,16,134688.0
7713,UVER,10,36740.0
7721,UVER,7,26516.0
7733,UVER,8,46688.0
7745,SIPO,20,203200.0
7745,UVER,12,25848.0
7753,UVER,25,53850.0
7765,SIPO,46,377982.0
7765,UVER,12,27984.0
7769,UVER,48,196080.0
7795,UVER,26,161252.0
7815,POJISTNE,44,96668.0
7815,SIPO,44,64900.0
7815,UVER,24,189696.0
7819,POJISTNE,60,77760.0
7819,SIPO,60,117180.0
7819,UVER,47,20398.0
7824,SIPO,39,84084.0
7824,UVER,11,86944.0
7828,SIPO,31,110200.0
7844,UVER,24,91584.0
7857,POJISTNE,61,8357.0
7857,SIPO,60,489420.0
7857,UVER,12,68112.0
7859,UVER,12,72120.0
7861,POJISTNE,39,1014.0
7861,SIPO,39,327600.0
7861,UVER,36,21852.0
7890,SIPO,29,124816.0
7890,UVER,14,23142.0
7894,SIPO,32,152960.0
7894,UVER,14,59556.0
7907,SIPO,26,164502.0
7907,UVER,12,97392.0
7926,UVER,24,84120.0
7957,SIPO,36,221904.0
7957,UVER,12,42900.0
7965,SIPO,55,399740.0
7965,UVER,12,71460.0
7966,UVER,13,102544.0
7990,SIPO,25,178950.0
7990,UVER,8,24160.0
7997,UVER,11,73634.0
8026,UVER,16,57008.0
8027,UVER,12,77640.0
8038,SIPO,23,119945.0
8038,UVER,11,16434.0
8039,POJISTNE,31,100161.0
8039,SIPO,31,33294.0
8039,UVER,24,93624.0
8041,UVER,36,140436.0
8051,UVER,48,208320.0
8073,SIPO,62,43090.0
8073,UVER,11,45210.0
8085,SIPO,30,27480.0
8085,UVER,11,47740.0
8092,SIPO,43,267288.0
8092,UVER,34,31790.0
8094,SIPO,21,118965.0
8094,UVER,20,122460.0
8114,SIPO,34,202572.0
8114,UVER,16,26480.0
8127,SIPO,45,373725.0
8127,UVER,24,155880.0
8129,SIPO,61,377224.0
8129,UVER,36,74736.0
8158,SIPO,25,238450.0
8158,UVER,14,92834.0
8159,SIPO,42,127428.0
8159,UVER,24,29784.0
8169,SIPO,32,68736.0
8169,UVER,17,27761.0
8173,UVER,12,80340.0
8225,UVER,8,24136.0
8260,UVER,36,224604.0
8261,POJISTNE,63,40698.0
8261,SIPO,63,120645.0
8261,UVER,24,87840.0
8268,SIPO,22,43978.0
8268,UVER,15,5385.0
8316,UVER,24,134784.0
8320,SIPO,19,172995.0
8320,UVER,19,98059.0
8321,SIPO,64,450624.0
8321,UVER,56,83104.0
8327,SIPO,36,147744.0
8327,UVER,34,175474.0
8330,SIPO,65,241020.0
8330,UVER,24,7656.0
8377,SIPO,47,55084.0
8377,UVER,43,298893.0
8381,SIPO,24,17760.0
8381,UVER,14,97314.0
8405,POJISTNE,51,170544.0
8405,SIPO,51,20910.0
8405,UVER,38,168606.0
8411,SIPO,44,255728.0
8411,UVER,32,117664.0
8475,SIPO,59,29205.0
8475,UVER,24,21072.0
8489,SIPO,59,226265.0
8489,UVER,36,265320.0
8492,SIPO,49,215747.0
8492,UVER,40,57240.0
8505,UVER,12,42840.0
8519,SIPO,64,877504.0
8519,UVER,13,80912.0
8523,UVER,10,77530.0
8533,UVER,27,97902.0
8547,UVER,31,149017.0
8558,UVER,54,259578.0
8564,SIPO,59,423030.0
8564,UVER,25,79875.0
8566,SIPO,60,33300.0
8566,UVER,18,115110.0
8625,SIPO,59,480909.0
8625,UVER,24,47304.0
8628,SIPO,23,171900.0
8639,UVER,7,21665.0
8645,SIPO,13,115947.0
8645,UVER,1,4015.0
8680,SIPO,29,104342.0
8680,UVER,29,69049.0
8688,UVER,12,67980.0
8713,UVER,5,14225.0
8742,POJISTNE,18,109602.0
8742,SIPO,18,1224.0
8742,UVER,12,33144.0
8772,SIPO,27,198639.0
8772,UVER,18,33102.0
8776,UVER,40,28320.0
8784,SIPO,21,149037.0
8784,UVER,8,24784.0
8856,SIPO,44,94800.0
8899,SIPO,49,181937.0
8899,UVER,36,75204.0
8919,SIPO,14,2324.0
8919,UVER,7,22197.0
8926,POJISTNE,17,19414.0
8926,SIPO,17,66504.0
8926,UVER,11,103884.0
8931,SIPO,32,55968.0
8931,UVER,23,71415.0
8972,SIPO,27,127413.0
8972,UVER,24,22512.0
8982,UVER,37,234210.0
9006,SIPO,50,227050.0
9006,UVER,30,116490.0
9017,SIPO,30,340400.0
9017,UVER,30,62640.0
9024,SIPO,31,194370.0
9024,UVER,27,39744.0
9030,SIPO,43,111241.0
9030,UVER,25,81050.0
9031,POJISTNE,19,12255.0
9031,SIPO,19,80332.0
9031,UVER,19,39672.0
9034,POJISTNE,62,565130.0
9034,SIPO,61,286517.0
9034,UVER,12,38148.0
9037,SIPO,21,71736.0
9037,UVER,3,20121.0
9052,SIPO,34,450100.0
9052,UVER,21,62979.0
9093,SIPO,62,81282.0
9093,UVER,53,167215.0
9104,UVER,48,172080.0
9138,SIPO,23,218937.0
9138,UVER,16,72592.0
9140,POJISTNE,12,672.0
9140,SIPO,12,111168.0
9140,UVER,2,668.0
9153,SIPO,20,100840.0
9153,UVER,10,14510.0
9156,UVER,1,4537.0
9159,POJISTNE,25,6325.0
9159,SIPO,25,171725.0
9159,UVER,7,10150.0
9167,POJISTNE,15,8175.0
9167,SIPO,15,74250.0
9167,UVER,10,45370.0
9179,UVER,10,35840.0
9188,POJISTNE,66,4356.0
9188,SIPO,66,523776.0
9188,UVER,60,127080.0
9199,UVER,11,27005.0
9201,SIPO,22,296142.0
9201,UVER,11,56133.0
9203,SIPO,66,949100.0
9208,UVER,1,3422.0
9225,UVER,20,68440.0
9227,SIPO,10,17840.0
9227,UVER,8,25544.0
9235,UVER,21,36435.0
9236,SIPO,60,134340.0
9236,UVER,12,86616.0
9241,SIPO,22,79090.0
9241,UVER,18,85572.0
9242,UVER,12,23184.0
9263,SIPO,26,256724.0
9263,UVER,12,39576.0
9265,SIPO,65,617045.0
9265,UVER,13,42874.0
9307,SIPO,66,307164.0
9307,UVER,12,41904.0
9337,UVER,24,52128.0
9353,SIPO,22,225280.0
9353,UVER,19,149321.0
9377,SIPO,34,93772.0
9377,UVER,20,83280.0
9403,SIPO,65,209625.0
9403,UVER,36,120888.0
9422,SIPO,29,3103.0
9422,UVER,12,86196.0
9424,UVER,16,37168.0
9433,UVER,3,5580.0
9455,POJISTNE,21,163653.0
9455,SIPO,22,61358.0
9455,UVER,11,68706.0
9472,SIPO,60,307140.0
9472,UVER,12,36396.0
9491,POJISTNE,24,20928.0
9491,SIPO,24,112896.0
9491,UVER,6,28188.0
9493,SIPO,41,278923.0
9493,UVER,40,157240.0
9494,SIPO,28,132888.0
9494,UVER,12,116832.0
9504,UVER,22,125136.0
9510,UVER,25,158525.0
9513,SIPO,28,232932.0
9513,UVER,12,18324.0
9528,SIPO,24,297100.0
9548,SIPO,26,249938.0
9548,UVER,25,24050.0
9560,SIPO,9,65106.0
9560,UVER,9,39267.0
9583,SIPO,47,629142.0
9583,UVER,25,109075.0
9591,SIPO,64,265344.0
9591,UVER,25,109075.0
9627,UVER,37,188367.0
9631,UVER,14,34678.0
9633,UVER,17,42109.0
9635,SIPO,62,182200.0
9640,SIPO,65,688805.0
9640,UVER,25,79600.0
9645,SIPO,31,160673.0
9645,UVER,31,151683.0
9646,UVER,8,46512.0
9656,SIPO,59,632539.0
9656,UVER,24,139536.0
9673,SIPO,15,55260.0
9673,UVER,4,9800.0
9677,SIPO,22,196768.0
9677,UVER,18,9486.0
9730,SIPO,20,5160.0
9730,UVER,16,30944.0
9731,SIPO,45,223515.0
9731,UVER,36,113796.0
9750,UVER,45,142245.0
9790,POJISTNE,37,92056.0
9790,SIPO,37,340770.0
9790,UVER,29,80939.0
9814,UVER,9,72126.0
9826,SIPO,24,289100.0
9828,UVER,24,126600.0
9833,SIPO,61,398391.0
9833,UVER,12,97632.0
9859,POJISTNE,25,19125.0
9859,SIPO,24,24192.0
9859,UVER,17,85187.0
9869,SIPO,59,347333.0
9869,UVER,45,248670.0
9883,POJISTNE,52,650208.0
9883,SIPO,58,41354.0
9897,POJISTNE,42,292026.0
9897,SIPO,41,61787.0
9897,UVER,12,36168.0
9928,SIPO,34,170544.0
9928,UVER,29,43181.0
10001,UVER,30,15870.0
10005,SIPO,9,82359.0
10005,UVER,5,29270.0
10018,SIPO,37,266300.0
10019,UVER,27,146205.0
10022,SIPO,15,115170.0
10022,UVER,12,54516.0
10049,SIPO,28,45052.0
10049,UVER,12,91632.0
10063,POJISTNE,22,60412.0
10063,SIPO,22,1980.0
10063,UVER,18,116712.0
10065,UVER,15,97260.0
10068,UVER,12,77808.0
10079,UVER,57,158745.0
10093,POJISTNE,50,354100.0
10093,SIPO,49,135338.0
10093,UVER,36,231696.0
10105,UVER,24,121896.0
10131,UVER,20,119660.0
10134,SIPO,18,171630.0
10134,UVER,12,68184.0
10148,SIPO,19,79895.0
10148,UVER,11,20262.0
10202,SIPO,27,34587.0
10202,UVER,18,114534.0
10215,SIPO,28,4256.0
10215,UVER,22,40612.0
10233,POJISTNE,30,29580.0
10233,SIPO,29,13224.0
10233,UVER,20,79720.0
10243,UVER,3,9453.0
10257,SIPO,18,266418.0
10257,UVER,4,12604.0
10266,SIPO,49,603700.0
10266,UVER,22,69322.0
10280,UVER,12,69624.0
10297,SIPO,31,306962.0
10297,UVER,25,219275.0
10320,SIPO,61,757254.0
10320,UVER,60,259740.0
10345,SIPO,28,188776.0
10345,UVER,11,28655.0
10351,SIPO,40,176400.0
10351,UVER,22,40656.0
10361,UVER,12,86880.0
10364,SIPO,67,419554.0
10364,UVER,37,22533.0
10365,POJISTNE,30,9930.0
10365,SIPO,29,125425.0
10365,UVER,22,159280.0
10404,POJISTNE,19,1900.0
10404,SIPO,20,43420.0
10404,UVER,10,32380.0
10411,POJISTNE,30,69690.0
10411,SIPO,30,90600.0
10411,UVER,24,123408.0
10436,UVER,27,40797.0
10439,SIPO,56,567504.0
10439,UVER,24,151560.0
10440,SIPO,59,174640.0
10440,UVER,42,42000.0
10445,SIPO,27,87318.0
10445,UVER,11,21461.0
10451,POJISTNE,59,40651.0
10451,SIPO,59,143901.0
10451,UVER,45,362205.0
10478,UVER,11,61325.0
10493,SIPO,19,163286.0
10493,UVER,10,55750.0
10520,UVER,25,174000.0
10558,SIPO,25,51500.0
10607,SIPO,21,297900.0
10613,UVER,4,20816.0
10630,SIPO,43,314029.0
10630,UVER,24,198240.0
10644,SIPO,14,154742.0
10644,UVER,6,44994.0
10645,SIPO,20,74800.0
10645,UVER,6,34722.0
10650,SIPO,11,113916.0
10650,UVER,10,40880.0
10652,SIPO,17,21930.0
10652,UVER,8,30480.0
10663,SIPO,56,267792.0
10663,UVER,36,260028.0
10670,SIPO,58,818800.0
10679,SIPO,15,100050.0
10679,UVER,15,123630.0
10694,POJISTNE,23,23900.0
10694,SIPO,20,173800.0
10711,POJISTNE,25,2125.0
10711,SIPO,25,67850.0
10711,UVER,12,4836.0
10728,SIPO,43,166281.0
10728,UVER,33,106326.0
10738,SIPO,64,11904.0
10738,UVER,36,115992.0
10762,SIPO,33,179355.0
10762,UVER,27,51624.0
10774,SIPO,14,52192.0
10774,UVER,8,56528.0
10788,SIPO,45,273200.0
10788,UVER,12,45768.0
10789,POJISTNE,25,66750.0
10789,SIPO,25,258500.0
10789,UVER,12,45768.0
10799,UVER,6,3114.0
10807,UVER,12,67476.0
10812,UVER,7,20517.0
10857,SIPO,15,177200.0
10857,UVER,11,70686.0
10884,SIPO,41,54366.0
10884,UVER,34,107236.0
10905,SIPO,21,61719.0
10905,UVER,16,19040.0
10911,SIPO,63,460656.0
10911,UVER,36,131292.0
10915,POJISTNE,17,62067.0
10915,SIPO,17,44132.0
10915,UVER,7,17787.0
10940,SIPO,58,435986.0
10940,UVER,36,197748.0
10942,SIPO,50,523600.0
10942,UVER,38,199196.0
10954,UVER,21,6552.0
10963,UVER,24,77208.0
10973,UVER,48,154416.0
11013,SIPO,65,49140.0
11013,UVER,60,274740.0
11021,UVER,22,154902.0
11027,SIPO,24,91176.0
11027,UVER,14,28056.0
11042,SIPO,43,362748.0
11042,UVER,36,217152.0
11054,SIPO,31,356686.0
11054,UVER,28,69496.0
11065,UVER,49,70805.0
11069,UVER,22,54604.0
11079,UVER,12,98304.0
11096,SIPO,20,133220.0
11096,UVER,19,67545.0
11111,SIPO,65,307840.0
11111,UVER,36,108180.0
11135,SIPO,57,186048.0
11135,UVER,36,182628.0
11138,UVER,24,89880.0
11141,UVER,12,44940.0
11186,SIPO,45,441450.0
11186,UVER,27,176607.0
11231,SIPO,18,176094.0
11231,UVER,12,89292.0
11244,SIPO,18,218772.0
11244,UVER,13,84383.0
11265,SIPO,67,33902.0
11265,UVER,12,52788.0
11271,POJISTNE,35,18060.0
11271,SIPO,35,203280.0
11271,UVER,23,43010.0
11295,SIPO,67,432400.0
11317,SIPO,15,57735.0
11317,UVER,1,5291.0
11325,SIPO,15,34400.0
11327,SIPO,9,33237.0
11327,UVER,3,4896.0
11328,UVER,5,23370.0
11349,SIPO,39,424554.0
11349,UVER,38,265924.0
11359,SIPO,46,207828.0
11359,UVER,12,54024.0
11362,POJISTNE,34,11220.0
11362,SIPO,34,162520.0
11362,UVER,24,129408.0
